   Department,Year,    Age ,  Gender,X1,X2,X3,X4,X5,X6,X7,X8,X9,X10,X11,X12,X13,X14,X15,X16,X17,X18,X19,X20,X21,X22,X23,X24,X25,Level
A.Math,3,22,Female,4,3,1,5,3,5,5,3,4,1,5,4,2,3,3,4,1,4,1,3,5,3,5,2,4,3.32
A.Math,3,22,Male,5,3,3,3,3,3,5,4,4,5,5,4,3,4,4,4,3,3,4,4,3,3,4,4,4,3.76
A.Math,3,22,Female,1,1,1,2,5,2,4,4,4,3,2,5,5,5,5,2,1,3,1,1,5,5,1,3,3,2.96
A.Math,3,23,Female,1,5,2,1,2,4,5,3,3,5,3,2,3,3,3,2,3,2,3,4,4,2,2,3,5,3
A.Math,3,23,Male,1,2,1,1,2,5,3,5,4,5,1,1,1,1,1,3,2,1,1,1,2,5,2,3,5,2.36
A.Math,3,23,Male,4,4,3,5,4,3,4,3,2,3,4,3,5,5,5,4,4,3,5,4,3,3,4,4,5,3.84
A.Math,3,23,Male,5,2,3,4,4,3,3,3,2,4,2,3,4,5,4,3,4,3,5,5,4,4,5,2,2,3.52
A.Math,3,23,Male,1,1,1,1,2,1,1,2,1,1,1,3,1,1,3,1,1,1,2,2,2,1,2,2,1,1.44
Bangla,1,19,Male,5,4,5,3,2,3,5,5,5,3,4,4,1,1,4,5,3,5,3,5,2,5,1,1,5,3.56
Bangla,1,19,Female,2,1,3,1,3,1,3,1,2,1,2,3,1,3,1,3,1,3,1,3,4,2,2,1,4,2.08
Bangla,1,21,Male,2,1,3,4,1,5,2,1,3,1,3,1,2,1,4,1,3,1,4,1,3,4,2,1,4,2.32
Bangla,1,23,Female,4,1,3,1,3,1,4,2,1,3,1,3,1,2,1,3,1,2,4,2,1,2,4,5,3,2.32
Bangla,1,23,Female,5,4,5,3,5,4,5,5,1,1,3,2,3,3,3,5,4,4,5,5,3,5,2,4,3,3.68
Bangla,2,21,Male,5,3,5,2,5,1,4,5,5,4,4,3,3,3,1,3,5,3,5,4,4,4,3,2,3,3.56
Bangla,2,22,Male,5,2,3,4,5,5,4,1,2,4,5,3,4,5,3,5,1,1,3,5,3,3,4,5,2,3.48
Bangla,4,23,Female,1,2,2,4,5,1,5,4,4,2,3,4,1,1,1,3,1,1,4,4,3,2,2,3,4,2.68
Bangla,4,22,Female,4,4,4,4,4,4,4,4,3,4,5,5,1,3,4,2,1,4,2,2,1,2,4,4,4,3.32
Bangla,3,21,Female,1,1,5,4,5,3,4,3,3,3,3,2,1,4,1,1,1,1,1,1,4,4,1,4,4,2.6
Bangla,2,19,Male,5,4,1,4,3,1,3,5,5,4,1,2,1,5,1,2,1,1,3,3,4,4,5,3,4,3
Bangla,3,22,Male,4,3,2,3,3,3,4,3,3,4,3,1,3,5,2,3,2,2,5,3,3,3,3,4,1,3
Bangla,3,21,Female,3,3,1,1,3,3,3,5,5,3,4,3,1,3,5,4,1,1,3,2,4,4,5,4,4,3.12
Bangla,4,23,Male,2,5,1,4,5,1,5,4,2,3,4,3,2,4,2,2,2,2,5,3,4,3,3,5,3,3.16
BBA,1,22,Male,5,5,4,3,3,3,3,4,3,3,5,3,4,5,3,5,3,5,5,5,4,4,3,4,5,3.96
BBA,1,19,Male,5,3,3,2,1,3,5,5,3,2,3,4,1,5,3,4,2,5,3,5,2,1,4,5,3,3.28
BBA,1,19,Female,5,4,3,4,1,5,4,5,3,2,4,1,5,4,2,5,3,1,5,4,2,5,3,1,5,3.44
BBA,1,23,Male,5,4,3,5,4,2,4,5,4,3,2,4,5,3,5,4,2,5,3,5,3,5,3,5,1,3.76
BBA,1,23,Female,5,4,5,1,5,4,2,5,3,3,2,5,3,2,4,3,1,4,5,3,1,5,2,3,5,3.4
BBA,1,23,Male,5,5,3,4,3,4,2,5,3,5,5,2,5,5,5,3,4,3,4,2,4,2,2,2,5,3.68
BBA,1,23,Male,5,5,3,5,3,5,1,5,1,5,5,3,3,3,5,3,5,3,2,5,2,4,3,4,1,3.56
BBA,1,23,Female,5,5,4,3,4,3,4,5,4,3,4,4,5,5,4,3,4,5,3,5,2,3,3,4,1,3.8
BBA,1,23,Female,5,4,4,1,3,2,3,5,4,3,4,4,2,2,4,3,4,3,3,3,4,3,4,3,3,3.32
BBA,1,23,Female,5,5,2,4,2,4,2,5,4,4,3,4,3,4,3,4,3,2,4,3,4,4,4,4,3,3.56
BBA,1,23,Female,5,2,3,1,3,1,2,3,2,2,3,2,3,2,4,2,3,1,2,3,1,3,2,3,1,2.36
BBA,1,22,Female,5,2,3,4,2,3,1,4,3,4,2,2,4,2,4,2,4,2,2,4,2,3,2,3,1,2.8
BBA,1,23,Male,3,2,2,3,4,4,1,2,4,4,4,4,4,2,2,1,1,1,2,2,2,2,4,4,2,2.64
BBA,1,22,Male,3,1,1,2,4,4,2,1,1,2,2,4,4,4,2,1,1,2,2,2,4,4,4,1,2,2.4
BBA,1,22,Male,3,2,2,3,4,4,2,1,1,2,2,2,4,4,4,4,4,2,2,1,4,4,1,5,5,2.88
BBA,1,21,Female,3,2,1,1,4,4,2,1,1,1,2,2,2,1,1,2,2,1,1,2,2,1,2,1,2,1.76
BBA,1,21,Male,3,1,1,4,4,4,4,2,1,1,2,4,2,2,1,1,2,4,2,2,2,1,1,1,4,2.24
BBA,1,19,Female,2,1,2,4,4,4,5,1,1,2,2,4,2,2,2,2,1,1,4,4,4,2,1,1,1,2.36
BBA,1,23,Male,4,2,1,1,2,3,3,1,2,2,4,2,1,1,2,2,1,1,1,2,2,4,4,2,2,2.08
BBA,1,23,Female,3,2,3,3,1,2,2,4,1,1,2,2,1,2,2,3,4,4,4,5,5,2,1,5,5,2.76
BBA,1,23,Male,3,2,1,2,4,4,5,5,5,5,2,2,1,4,1,2,2,3,2,2,1,2,3,3,2,2.72
BBA,1,23,Male,3,2,1,3,5,4,2,2,2,1,1,2,2,4,2,2,2,4,1,1,2,1,2,4,5,2.4
BBA,1,23,Male,2,1,2,2,4,4,1,1,1,2,2,2,2,1,4,1,2,2,1,1,2,4,4,2,4,2.16
BBA,1,23,Male,2,1,1,2,4,4,2,5,5,5,3,2,1,3,3,3,2,2,2,2,4,4,1,4,2,2.76
BBA,1,23,Male,2,4,2,1,1,2,4,4,5,5,5,5,2,2,1,1,1,2,4,4,2,4,2,4,1,2.8
BBA,2,21,Male,3,1,1,2,4,2,2,4,2,1,1,2,4,4,2,1,1,1,2,4,1,2,2,4,2,2.2
BBA,2,22,Female,3,2,4,5,5,1,1,2,2,1,1,2,4,4,2,2,2,4,4,2,1,4,2,2,1,2.52
BBA,2,22,Male,3,2,5,5,1,1,1,2,2,4,4,5,1,1,2,2,2,2,1,5,5,1,1,2,2,2.48
BBA,2,22,Female,2,1,1,3,4,4,1,1,2,2,2,1,1,4,4,2,2,4,2,2,1,1,2,1,1,2.04
BBA,2,22,Male,1,2,2,2,1,4,1,1,3,3,4,2,2,1,1,1,3,2,4,4,1,1,2,2,1,2.04
BBA,2,21,Female,3,1,1,2,3,3,5,2,5,2,2,5,1,1,3,5,5,5,5,1,1,2,5,4,3,3
BBA,2,23,Female,3,1,1,2,4,1,1,2,4,1,1,1,2,2,4,1,1,2,4,1,2,2,1,1,2,1.88
BBA,2,22,Male,1,3,3,4,1,1,2,2,2,3,4,4,4,1,1,2,2,1,1,1,4,4,5,1,2,2.36
BBA,2,22,Female,2,4,4,2,1,1,4,4,2,2,4,2,5,2,1,1,1,2,2,4,4,1,1,1,2,2.36
BBA,2,23,Male,2,2,4,1,1,2,2,1,1,1,2,2,4,1,4,4,2,1,1,4,4,4,1,1,1,2.12
BBA,3,23,Female,5,4,5,3,1,5,2,1,4,5,3,1,5,3,5,3,5,1,5,1,5,3,4,1,5,3.4
BBA,3,22,Female,5,3,5,3,1,4,1,5,3,1,5,4,2,1,4,2,5,3,4,5,4,2,1,4,2,3.16
BBA,3,23,Male,5,2,4,2,5,3,1,5,4,2,1,3,4,3,1,5,3,1,5,4,3,2,4,2,1,3
BBA,3,22,Male,5,3,5,2,5,2,4,5,5,3,2,4,3,1,4,2,5,3,4,2,3,1,4,1,3,3.24
BBA,3,24,Male,1,3,4,1,3,2,4,1,3,2,1,3,5,1,4,3,4,3,4,3,4,3,1,3,4,2.8
BBA,3,23,Female,4,3,2,4,2,4,2,5,4,3,3,1,2,3,3,2,3,2,4,2,4,2,4,2,3,2.92
BBA,3,23,Male,4,3,4,5,3,4,5,2,4,2,4,4,1,2,4,5,2,2,2,4,4,4,1,3,2,3.2
BBA,3,22,Male,2,3,4,5,2,3,4,4,2,4,2,5,4,2,4,4,1,2,4,3,3,5,4,2,3,3.24
BBA,3,24,Female,1,4,1,2,4,2,1,2,4,4,1,2,3,1,2,4,3,4,5,5,3,3,2,4,4,2.84
BBA,3,23,Female,1,2,3,2,1,2,4,1,2,1,2,4,4,1,5,1,5,5,5,2,1,4,1,2,3,2.56
BBA,3,23,Male,4,5,3,4,3,5,4,3,1,3,1,2,1,3,1,3,1,3,1,2,3,4,1,1,1,2.52
BBA,3,22,Female,1,2,2,4,1,1,2,4,4,5,5,1,1,5,2,5,5,2,2,5,1,2,4,5,2,2.92
BBA,3,22,Male,1,2,1,3,1,3,1,4,4,5,1,1,2,3,5,2,2,3,1,2,1,4,4,2,4,2.48
BBA,3,24,Male,3,1,1,4,1,4,5,5,1,2,3,4,6,8,3,4,4,6,7,2,4,5,6,1,2,3.68
BBA,3,24,Female,3,1,1,1,2,3,3,3,3,4,4,4,2,3,1,1,2,3,3,3,1,1,1,2,2,2.28
BBA,3,24,Male,3,1,2,2,2,1,1,3,4,4,1,1,2,2,1,2,2,2,1,3,4,4,1,2,2,2.12
BBA,4,23,Male,4,2,3,4,3,4,3,3,3,3,4,5,5,1,3,2,1,1,2,3,2,4,3,1,1,2.8
BBA,4,23,Female,4,2,4,4,4,4,2,2,2,4,3,2,1,2,3,5,4,4,3,3,2,2,3,4,5,3.12
BBA,4,24,Male,5,3,2,4,2,3,2,5,3,4,2,4,2,4,2,4,2,3,2,1,5,3,4,2,2,3
BBA,4,24,Male,5,1,5,1,3,1,3,5,2,1,3,2,2,4,3,1,3,4,3,2,3,2,3,1,2,2.6
BBA,4,23,Male,5,3,5,4,5,2,3,3,4,2,5,3,1,2,3,4,5,4,3,1,2,3,2,1,2,3.08
BBA,4,23,Male,5,4,5,4,1,2,4,3,5,3,4,5,2,1,3,1,2,1,3,4,3,4,3,4,5,3.24
BBA,4,23,Male,5,3,4,5,4,1,1,5,4,5,3,3,2,1,3,5,4,3,5,4,2,4,3,5,5,3.56
BBA,4,25,Female,5,5,4,5,2,2,1,5,5,4,5,1,2,3,2,1,3,5,5,4,5,3,2,1,5,3.4
BBA,4,24,Male,5,5,4,1,1,1,3,5,4,3,2,4,3,5,4,5,3,4,3,1,2,1,3,4,5,3.24
BBA,4,24,Female,5,4,5,4,5,3,1,5,1,2,2,3,3,4,3,5,4,5,1,1,2,3,4,3,5,3.32
BBA,4,23,Female,4,2,4,3,4,3,4,5,2,4,3,4,1,3,5,1,3,4,2,3,1,4,2,4,3,3.12
BBA,4,24,Male,3,4,2,5,2,3,4,4,2,1,5,3,1,4,2,3,4,2,1,3,2,4,2,5,2,2.92
BBA,4,23,Male,5,3,4,2,5,3,2,4,2,5,3,1,3,4,2,3,4,2,4,2,5,4,2,3,5,3.28
BBA,4,23,Female,5,2,3,4,2,5,3,4,2,4,1,5,3,4,2,3,4,2,4,3,1,5,1,4,2,3.12
BBA,4,24,Male,5,3,4,2,3,2,4,5,3,3,3,4,2,5,2,4,2,5,3,3,3,3,3,4,1,3.24
BBA,4,25,Male,1,1,1,1,3,1,1,5,4,2,1,1,2,1,3,1,1,1,2,2,1,2,1,3,3,1.8
BBA,3,21,Female,5,1,1,2,1,1,4,5,5,5,2,4,2,4,2,5,2,4,2,3,4,5,2,4,5,3.2
BBA,3,24,Female,3,1,1,2,4,4,5,4,4,3,2,3,4,2,3,2,1,4,5,1,3,2,1,2,5,2.84
BBA,4,25,Male,1,1,1,1,4,4,3,1,3,4,3,1,1,1,1,2,1,2,3,1,2,3,3,3,3,2.12
BBA,4,24,Male,4,3,1,1,5,2,3,3,2,3,2,3,1,2,1,3,1,1,2,2,2,3,1,1,2,2.16
BBA,4,22,Female,3,1,4,5,5,5,5,4,4,5,5,2,2,2,3,2,2,2,2,2,3,5,4,4,4,3.4
BBA,2,23,Male,5,5,1,5,5,1,5,5,3,3,5,3,1,1,3,5,5,5,3,2,3,5,5,5,5,3.76
BBA,4,23,Male,1,3,2,3,4,4,3,4,3,3,5,1,2,2,3,3,3,3,4,5,2,4,2,4,3,3.04
BBA,4,23,Male,3,3,3,2,4,1,4,4,2,2,4,2,2,3,2,2,2,2,2,2,2,5,3,3,3,2.68
BBA,1,23,Female,3,3,3,3,3,3,3,4,4,4,4,3,3,3,3,3,2,2,3,4,3,3,3,3,3,3.12
BBA,1,19,Male,3,1,3,3,5,3,5,4,3,2,4,2,2,3,3,3,2,1,5,3,4,4,2,3,4,3.08
BBA,3,24,Male,5,1,1,5,5,5,4,3,3,4,4,4,4,4,4,4,3,1,1,3,1,5,4,3,4,3.4
BBA,2,23,Female,1,3,2,2,4,1,5,4,3,2,4,2,1,4,3,4,2,1,3,3,3,4,5,2,4,2.88
BBA,1,19,Male,1,4,4,3,5,1,5,4,1,3,5,2,1,2,2,3,1,1,2,1,3,3,4,2,4,2.68
BBA,2,23,Female,1,1,1,1,5,3,3,3,2,3,5,1,2,4,4,2,2,2,3,1,4,3,4,3,4,2.68
BBA,1,19,Male,1,3,3,1,4,2,5,5,2,5,5,2,2,3,3,3,2,1,4,1,2,3,4,3,4,2.92
BBA,4,24,Male,4,5,1,4,5,4,5,5,4,4,4,3,4,5,3,5,2,5,5,4,4,4,3,4,4,4
BBA,3,19,Male,3,1,3,2,4,1,3,4,2,3,4,2,1,3,2,4,2,1,3,1,3,3,4,2,3,2.56
BBA,4,24,Male,1,2,1,3,5,1,3,5,4,4,5,3,2,3,2,2,2,1,3,4,2,4,3,2,3,2.8
BBA,4,23,Male,1,1,4,3,3,1,2,4,3,2,2,2,1,4,2,4,2,2,2,5,3,3,3,2,4,2.6
BBA,4,24,Male,1,3,3,2,4,1,4,4,3,4,4,3,2,3,3,4,3,2,3,3,4,3,4,1,3,2.96
BBA,4,25,Male,3,4,2,4,5,4,5,3,4,3,5,4,1,4,3,3,4,2,4,1,4,4,3,4,2,3.4
BBA,1,19,Female,1,1,4,4,4,3,4,5,4,4,5,2,2,3,5,4,2,1,1,3,3,3,4,2,5,3.16
BBA,2,23,Male,1,1,1,4,4,3,3,3,4,4,5,5,4,3,4,4,3,2,3,2,3,4,5,5,5,3.4
BBA,2,23,Male,4,3,1,3,4,2,4,3,2,3,5,2,3,3,4,3,2,4,3,3,4,1,2,5,4,3.08
BBA,2,21,Female,3,4,1,4,4,1,3,3,4,3,3,4,1,2,4,4,4,2,3,2,2,3,5,4,3,3.04
BBA,4,23,Female,4,3,2,3,3,1,3,2,2,2,2,2,3,4,4,4,2,2,5,3,4,4,3,2,4,2.92
BBA,3,22,Male,1,1,3,1,4,3,1,3,3,4,4,3,2,4,3,4,2,1,3,1,3,2,4,3,4,2.68
BBA,4,24,Male,1,4,1,2,5,1,5,4,5,5,5,3,3,2,5,4,3,1,1,1,3,4,3,3,5,3.16
BBA,3,22,Male,3,1,1,5,4,1,3,5,1,5,4,4,2,4,3,3,3,2,2,4,3,4,3,3,4,3.08
BBA,1,19,Male,1,1,3,3,5,1,4,3,3,5,5,4,2,3,4,4,2,2,2,3,3,3,3,4,5,3.12
BBA,3,22,Female,1,4,2,4,4,1,3,4,4,2,4,4,1,2,5,4,4,1,1,1,2,3,3,2,4,2.8
BBA,3,23,Male,4,4,2,1,3,1,4,3,3,3,4,2,2,3,3,4,2,3,2,4,2,4,3,3,4,2.92
BBA,3,23,Male,1,1,3,1,4,3,4,3,4,2,5,3,2,4,4,4,2,2,3,2,3,4,3,2,4,2.92
BBA,3,21,Male,3,2,1,4,5,1,5,3,4,5,5,4,2,3,4,3,4,2,3,2,3,5,3,4,5,3.4
BBA,2,23,Female,2,3,3,1,4,1,3,3,2,1,5,4,2,4,4,3,2,1,4,4,2,2,4,1,5,2.8
BBA,2,23,Female,1,3,1,1,4,1,4,3,3,3,5,3,3,3,5,5,3,1,1,1,3,3,3,3,5,2.84
BBA,2,23,Male,1,3,4,4,3,1,3,4,2,2,3,2,2,4,3,3,2,2,3,3,3,3,4,3,4,2.84
BMB,2,22,Male,1,1,1,1,1,3,2,5,2,1,2,1,1,3,1,1,3,1,1,3,2,2,3,1,5,1.92
BMB,2,23,Female,5,3,5,4,5,3,5,4,5,3,5,1,5,3,5,3,5,3,4,4,1,4,3,5,2,3.8
BMB,2,19,Female,5,4,4,3,2,5,3,5,4,3,2,4,5,4,3,4,5,5,3,4,2,5,4,3,2,3.72
BMB,2,21,Male,5,4,3,5,3,5,3,3,3,5,5,4,4,2,3,5,3,5,3,5,4,5,5,3,1,3.84
BMB,2,22,Male,5,3,1,4,5,3,5,3,5,4,5,3,5,4,4,3,4,2,3,5,1,5,2,3,5,3.68
BMB,2,21,Female,3,5,4,3,5,3,5,4,1,4,3,5,1,4,5,3,5,3,5,2,5,1,1,3,5,3.52
BMB,1,24,Male,5,3,5,3,5,2,5,5,4,5,3,5,3,5,3,5,1,5,3,5,3,5,2,5,3,3.92
BMB,1,23,Male,5,4,5,5,4,5,1,5,3,1,4,2,4,5,4,5,1,5,3,4,1,5,3,5,3,3.68
BMB,1,23,Female,4,5,4,5,2,5,3,4,5,2,5,3,5,3,5,3,5,3,5,3,5,3,5,3,1,3.84
BMB,1,21,Male,4,5,3,1,5,3,5,4,3,5,3,5,2,5,3,5,3,5,3,5,3,5,3,1,4,3.72
BMB,1,22,Female,3,3,5,5,3,3,1,5,5,3,4,4,3,3,3,2,2,2,4,5,4,4,5,5,4,3.6
BMB,1,19,Male,5,3,1,5,5,4,2,5,4,4,4,5,5,5,3,3,1,2,1,2,1,4,4,5,5,3.52
BMB,1,23,Female,5,3,4,5,5,1,5,5,4,3,2,5,1,4,3,2,4,2,3,3,4,5,4,2,1,3.4
BMB,1,22,Male,3,4,3,5,5,2,1,5,5,5,4,5,5,5,3,3,2,3,1,5,5,1,4,4,4,3.68
BMB,1,21,Male,3,3,3,3,3,1,4,4,5,3,3,3,3,3,5,4,4,5,5,3,5,2,4,2,1,3.36
BMB,1,19,Female,5,3,4,5,4,1,2,3,5,3,5,5,3,1,3,5,3,5,4,4,4,3,2,3,1,3.44
BMB,1,19,Male,3,4,5,3,5,3,1,4,5,4,5,3,5,3,5,1,1,3,5,3,3,4,5,3,1,3.48
BMB,1,23,Male,5,4,3,4,5,3,5,2,4,5,1,4,2,5,5,3,3,4,1,3,5,2,1,4,1,3.36
BMB,1,21,Male,5,1,3,1,4,1,3,2,4,2,1,3,3,5,3,4,1,3,3,2,3,4,5,5,2,2.92
BMB,1,23,Male,3,4,4,5,5,3,1,5,4,5,3,2,5,3,1,1,1,1,3,4,5,3,3,3,4,3.24
BMB,1,23,Female,3,5,3,5,3,2,4,5,4,3,4,5,4,4,5,3,1,5,3,1,1,3,1,5,3,3.4
BMB,1,23,Male,3,4,3,2,4,5,3,5,5,5,3,3,3,4,5,3,5,3,3,5,5,3,1,4,3,3.68
BMB,1,21,Male,5,3,4,5,4,3,5,3,5,3,3,5,2,3,3,5,3,3,5,3,5,3,5,3,5,3.84
BMB,1,23,Male,5,3,3,3,4,4,4,5,1,1,1,3,3,5,3,4,2,3,4,3,5,5,5,2,1,3.28
BMB,1,19,Male,5,4,3,5,1,4,5,5,1,4,3,4,1,5,3,5,2,4,2,2,2,5,5,5,3,3.52
BMB,1,19,Female,5,4,4,3,5,3,2,3,3,4,3,2,2,2,4,2,2,2,3,3,1,4,3,4,4,3.08
BMB,1,19,Male,5,3,4,3,3,5,3,4,4,3,2,3,4,3,2,2,2,3,3,2,3,2,3,2,3,3.04
BMB,1,23,Male,3,4,3,1,3,4,5,2,4,4,2,2,4,2,5,3,4,2,3,3,3,2,3,2,3,3.04
BMB,1,22,Male,3,4,3,4,3,2,1,4,3,2,4,4,4,5,2,3,3,1,3,3,3,2,3,2,3,2.96
BMB,1,19,Female,4,3,3,3,2,3,2,5,4,3,4,4,4,3,3,3,3,4,4,5,2,4,3,4,2,3.36
BMB,1,19,Male,4,2,4,1,4,2,3,5,4,2,1,4,4,5,2,4,5,2,4,1,4,2,4,2,4,3.16
BMB,1,21,Male,4,5,2,4,1,4,2,4,1,5,4,4,5,4,4,5,2,3,1,4,1,4,1,4,1,3.16
BMB,1,19,Male,3,2,4,2,4,2,4,4,2,5,3,1,3,2,4,3,1,4,4,4,1,5,3,1,4,3
BMB,1,19,Female,3,1,4,2,4,1,3,5,2,3,1,5,2,4,1,5,3,2,4,3,5,2,4,4,3,3.04
BMB,1,23,Male,4,2,5,3,4,5,2,4,4,2,4,3,1,5,3,2,4,3,4,4,5,4,5,4,5,3.64
BMB,1,19,Male,5,3,4,4,1,3,4,3,5,3,4,2,3,5,4,5,2,5,3,2,3,5,3,2,4,3.48
BMB,1,19,Male,5,4,3,3,2,1,4,5,4,5,4,5,3,4,2,3,4,2,1,5,3,4,5,2,1,3.36
BMB,1,23,Male,5,3,5,4,3,5,2,3,4,3,5,3,2,4,2,5,4,1,5,4,5,5,1,4,2,3.56
BMB,1,23,Female,4,2,4,1,3,2,3,4,2,4,4,2,5,4,2,4,5,2,4,3,1,4,4,3,2,3.12
BMB,1,22,Male,4,5,4,3,5,1,4,4,5,4,5,1,4,4,2,4,3,4,2,5,2,3,1,5,4,3.52
BMB,1,22,Male,3,2,4,1,3,4,1,4,2,3,4,1,5,4,4,1,5,4,4,1,5,2,3,1,4,3
BMB,1,21,Female,4,2,5,2,4,4,5,3,1,4,3,5,3,1,5,2,3,3,5,5,4,3,2,2,1,3.24
BMB,1,23,Male,5,3,4,2,3,4,5,5,3,2,1,3,4,2,1,2,3,5,1,4,2,1,4,2,1,2.88
BMB,1,21,Female,5,3,5,4,3,5,4,3,4,3,5,4,4,3,2,3,5,4,2,1,5,4,4,2,1,3.52
BMB,1,23,Male,5,3,1,5,4,4,3,5,4,1,4,4,1,5,3,1,5,2,3,4,2,1,4,2,3,3.16
BMB,1,23,Male,5,3,4,2,4,1,3,5,4,3,2,1,3,4,3,2,1,4,2,3,5,4,5,2,5,3.2
BMB,1,21,Female,4,5,3,5,3,5,2,3,5,3,5,2,5,3,5,3,5,3,5,1,4,5,3,4,3,3.76
Chemistry ,3,22,Male,2,5,5,3,5,5,5,4,5,5,5,3,1,5,2,4,2,4,5,3,5,5,3,5,4,4
CSE,4,23,Male,1,4,1,1,4,1,4,5,4,4,5,3,1,5,4,5,3,1,5,3,4,5,4,4,5,3.44
CSE,4,22,Male,2,2,3,3,1,3,1,3,4,5,3,3,1,5,5,5,5,1,3,3,1,5,5,4,4,3.2
CSE,4,24,Male,2,2,2,3,4,4,3,2,3,3,4,3,2,3,5,3,2,2,3,2,2,3,3,4,4,2.92
CSE,4,22,Male,5,1,1,1,5,1,4,4,2,1,1,1,1,1,3,5,3,2,1,2,2,2,3,4,5,2.44
CSE,4,23,Male,3,5,2,1,5,3,4,4,3,2,1,2,2,5,3,4,1,5,4,3,3,4,4,1,4,3.12
CSE,4,22,Male,1,2,5,3,5,4,5,2,4,5,1,1,1,2,2,3,2,1,2,2,4,4,5,4,4,2.96
CSE,4,23,Female,5,5,5,5,5,5,5,4,4,3,2,3,1,3,3,3,2,2,2,2,2,3,3,3,3,3.32
CSE,4,23,Male,1,1,1,1,1,1,4,3,3,2,2,1,1,1,1,1,1,1,1,1,1,1,1,5,4,1.64
CSE,4,24,Male,5,1,5,5,5,2,5,5,2,5,2,5,5,5,5,4,1,1,5,5,1,5,5,5,5,3.96
CSE,4,23,Male,5,5,5,4,2,1,4,4,4,3,3,3,2,2,3,3,2,2,2,2,2,2,3,3,4,3
CSE,4,23,Male,1,3,5,5,2,1,4,5,3,3,5,4,1,3,5,5,5,1,4,3,1,5,5,1,5,3.4
CSE,4,23,Female,5,3,5,1,5,1,1,5,1,2,5,1,1,5,2,4,2,5,1,3,5,1,5,1,3,2.92
CSE,4,22,Male,5,5,5,1,5,2,1,4,4,2,2,2,2,4,2,2,2,2,3,2,2,2,2,2,3,2.72
CSE,4,23,Male,1,3,1,1,3,5,4,3,4,3,4,2,1,2,3,4,2,1,1,3,5,5,2,1,5,2.76
CSE,4,23,Male,1,1,2,4,1,1,4,4,4,3,2,3,1,3,4,4,4,3,2,3,4,4,4,3,4,2.92
CSE,4,24,Male,1,2,1,3,3,5,3,4,3,5,5,3,1,3,3,4,3,2,1,2,1,5,1,2,5,2.84
CSE,4,24,Male,3,4,2,5,2,5,5,2,1,4,4,5,1,2,4,5,2,1,2,3,2,2,1,5,4,3.04
CSE,4,22,Female,5,4,4,4,2,4,4,3,4,5,2,2,1,4,4,2,2,2,4,4,3,2,4,2,4,3.24
CSE,4,21,Female,5,5,4,3,5,4,4,3,4,4,5,2,1,2,4,5,2,4,5,2,1,3,2,4,5,3.52
CSE,4,23,Male,5,4,1,3,4,1,2,3,3,4,3,2,3,4,3,2,1,1,2,3,3,3,2,4,3,2.76
CSE,4,23,Male,1,1,1,2,4,1,5,1,2,3,3,2,1,2,1,1,1,2,1,2,2,2,3,1,2,1.88
CSE,4,21,Male,2,5,5,5,4,5,5,5,5,5,5,4,4,5,4,5,1,1,5,5,4,4,1,3,1,3.92
CSE,4,23,Male,5,5,3,4,5,2,3,4,3,2,3,4,1,3,3,4,3,2,1,3,2,1,3,4,3,3.04
CSE,4,22,Female,3,4,1,1,4,5,1,4,4,4,2,2,2,4,4,2,2,2,2,2,2,4,4,4,2,2.84
CSE,4,21,Female,1,1,3,1,5,1,5,5,3,2,4,2,1,5,1,4,1,1,5,2,2,4,2,3,5,2.76
CSE,4,23,Female,1,1,1,2,5,3,5,4,3,4,5,2,1,3,4,4,1,1,4,2,3,3,2,4,5,2.92
CSE,4,21,Female,5,5,5,1,5,1,2,2,4,1,1,2,1,3,3,2,1,1,2,3,1,1,1,1,3,2.28
CSE,4,22,Male,5,5,5,1,5,1,2,2,4,1,1,2,1,3,3,2,1,1,2,3,1,1,1,1,3,2.28
CSE,4,23,Male,1,3,5,3,4,1,5,4,4,4,5,5,1,5,5,2,5,5,1,4,1,4,3,5,5,3.6
CSE,4,22,Female,5,5,5,1,5,1,2,2,4,1,1,2,1,3,3,2,1,1,2,3,1,1,1,1,3,2.28
CSE,4,23,Female,1,1,1,1,5,1,4,1,1,4,1,1,1,1,1,2,1,1,2,4,2,2,2,4,4,1.96
CSE,4,21,Female,1,1,5,2,1,2,2,5,3,2,1,3,2,2,2,2,2,2,2,3,1,1,1,5,4,2.28
CSE,4,22,Male,5,1,1,1,1,5,1,4,4,4,2,2,2,2,4,2,2,2,2,3,2,2,2,2,2,2.4
CSE,4,23,Male,1,1,1,5,2,1,2,5,3,5,1,4,4,5,1,1,3,1,1,5,5,5,1,4,1,2.72
CSE,4,21,Male,1,1,5,2,1,2,2,4,4,2,1,3,1,3,3,3,3,2,3,2,2,3,1,1,1,2.24
CSE,4,23,Female,1,1,1,1,3,1,2,2,2,2,2,2,2,2,3,2,2,3,2,2,2,2,2,3,3,2
CSE,4,21,Male,5,4,1,1,3,1,2,1,3,2,4,1,3,2,4,1,5,1,3,2,4,2,3,1,2,2.44
CSE,4,23,Male,5,1,2,4,4,2,2,1,2,3,1,3,1,4,1,5,3,2,3,1,2,4,2,1,3,2.48
CSE,4,22,Male,4,1,2,4,5,2,3,1,3,4,3,1,2,4,4,3,4,1,2,3,2,4,1,4,1,2.72
CSE,4,24,Male,5,4,2,3,5,1,4,5,3,5,2,4,1,3,2,4,2,1,3,1,5,1,3,5,1,3
CSE,4,22,Male,1,1,1,1,1,3,2,5,2,1,2,1,1,3,1,1,3,1,1,3,2,2,3,1,5,1.92
CSE,4,22,Male,1,1,1,1,1,3,2,5,2,1,2,1,1,3,1,1,3,1,1,3,2,2,3,1,5,1.92
CSE,4,22,Male,1,1,5,3,5,1,5,5,4,2,1,3,1,3,1,1,3,5,1,3,2,5,2,4,5,2.88
CSE,4,23,Male,1,5,2,1,1,2,1,5,3,2,5,5,3,3,1,5,3,3,2,3,2,5,3,3,4,2.92
CSE,4,23,Male,5,5,3,5,5,5,2,4,4,5,2,3,1,4,5,1,2,1,1,3,1,1,1,5,4,3.12
CSE,4,23,Male,5,5,1,2,5,1,5,5,4,2,5,3,3,5,3,5,3,2,5,4,3,5,3,1,3,3.52
CSE,4,23,Male,5,5,1,4,1,2,1,3,2,5,4,4,3,3,4,2,2,1,4,4,5,3,5,3,1,3.08
CSE,4,23,Male,5,5,1,2,2,2,2,5,4,5,2,3,3,4,5,3,5,5,5,5,3,1,3,3,5,3.52
CSE,4,22,Male,4,5,5,1,5,1,2,1,1,2,3,1,1,5,3,1,4,1,1,1,3,5,3,2,5,2.64
CSE,4,22,Male,5,4,3,2,1,1,2,5,4,3,2,1,1,4,5,4,3,4,5,4,3,2,5,5,5,3.32
CSE,4,22,Male,5,4,3,2,1,2,3,5,4,3,2,1,1,2,3,4,5,4,3,2,1,2,3,4,5,2.96
CSE,4,23,Male,5,4,3,2,1,1,2,5,4,3,2,1,1,2,3,4,5,4,3,2,1,2,3,4,5,2.88
CSE,4,25,Male,5,2,1,1,1,3,4,4,3,2,1,2,2,3,3,3,2,2,2,2,2,2,2,4,5,2.52
CSE,4,23,Male,5,4,3,2,1,2,3,5,4,3,2,1,2,3,4,5,4,3,2,1,2,3,4,5,5,3.12
CSE,4,22,Male,3,3,3,4,5,4,4,5,2,4,5,5,2,5,2,2,2,2,1,5,5,5,1,5,5,3.56
CSE,4,22,Female,5,5,2,5,1,2,5,2,2,4,2,2,5,5,4,2,2,2,2,4,2,2,2,4,2,3
CSE,4,21,Female,5,4,3,2,1,1,2,5,4,3,2,1,2,3,4,5,5,4,3,2,1,2,3,4,5,3.04
CSE,4,23,Female,5,1,1,1,5,5,3,1,1,2,3,1,1,3,1,3,1,1,3,3,1,1,3,3,1,2.16
CSE,4,21,Female,4,1,1,1,5,1,3,1,1,2,3,1,1,1,3,1,4,1,1,1,3,5,3,2,5,2.2
CSE,4,22,Male,5,4,3,5,5,4,3,5,4,5,4,4,2,4,4,4,2,2,3,4,4,4,2,4,4,3.76
CSE,3,22,Male,3,5,5,4,1,5,4,3,4,5,4,4,5,3,4,4,3,2,4,4,4,3,5,4,5,3.88
CSE,3,22,Male,3,4,3,4,5,5,4,3,4,5,4,3,3,5,2,4,3,2,4,4,4,3,5,4,5,3.8
CSE,3,22,Male,5,4,4,4,5,5,3,3,4,3,2,3,1,3,3,3,3,2,1,3,3,3,3,4,4,3.24
CSE,3,23,Male,1,2,1,1,3,1,1,1,5,4,2,5,4,1,1,3,3,4,5,2,1,3,4,1,2,2.44
CSE,3,23,Male,5,3,1,1,5,3,4,5,4,3,1,1,5,4,2,1,1,1,2,1,4,5,5,4,1,2.88
CSE,3,21,Female,5,5,4,1,5,3,3,3,2,2,2,1,1,2,1,3,1,1,2,3,1,2,4,3,3,2.52
CSE,3,22,Female,5,1,5,4,5,1,4,4,3,2,1,3,1,3,1,1,3,2,1,1,3,1,1,2,4,2.48
CSE,3,22,Female,5,3,1,1,5,3,1,5,4,4,1,4,1,2,5,5,4,1,1,4,5,5,5,3,1,3.16
CSE,3,22,Female,5,1,1,2,5,3,4,5,3,2,1,2,2,3,4,3,2,2,2,3,2,2,2,4,2,2.68
CSE,3,24,Male,5,4,5,4,3,2,2,3,4,4,3,2,3,4,3,5,4,2,1,1,1,5,1,4,2,3.08
CSE,3,22,Male,5,4,3,1,5,2,3,3,4,3,2,4,2,5,1,2,4,1,3,2,4,4,2,1,1,2.84
CSE,3,23,Male,5,5,2,1,2,5,5,4,2,5,5,2,4,5,3,5,2,2,4,2,5,5,3,4,5,3.68
CSE,3,21,Male,5,5,2,1,2,5,5,4,2,5,2,2,5,5,3,5,2,2,5,2,2,4,3,4,5,3.48
CSE,3,23,Male,5,1,1,1,2,3,4,3,2,4,3,1,3,1,1,1,1,5,4,5,5,5,4,5,5,3
CSE,3,23,Male,5,4,3,5,4,2,3,3,4,3,2,4,2,5,4,3,2,4,4,5,4,3,2,4,2,3.44
CSE,3,23,Male,5,3,5,3,5,3,5,3,3,4,5,5,5,2,5,3,3,5,4,3,3,3,5,3,5,3.92
CSE,3,23,Male,5,4,3,5,1,3,2,4,5,3,5,2,4,5,4,3,5,4,3,5,3,5,2,5,5,3.8
CSE,3,22,Male,3,5,2,5,5,5,4,4,3,5,5,2,3,3,5,3,2,1,5,5,3,1,4,3,5,3.64
CSE,3,22,Male,4,5,1,1,3,5,5,5,1,3,4,4,3,5,3,5,3,2,4,1,4,3,3,4,4,3.4
CSE,3,23,Male,5,3,4,3,4,2,5,4,3,3,2,2,2,3,5,3,1,1,2,2,2,2,1,2,3,2.76
CSE,3,23,Male,5,4,3,4,1,2,1,4,3,4,5,4,2,4,4,4,3,3,3,2,2,5,2,4,4,3.28
CSE,3,24,Male,5,1,4,1,4,5,5,4,4,4,1,4,1,4,2,4,4,4,1,2,4,2,2,2,2,3.04
CSE,3,26,Male,5,4,1,3,5,4,2,5,5,1,4,4,5,3,3,3,2,3,4,3,2,1,3,3,4,3.28
CSE,3,23,Male,3,3,5,5,5,5,5,5,4,4,1,5,5,5,3,4,5,2,1,3,5,5,3,1,4,3.84
CSE,3,23,Male,5,2,2,1,5,1,2,3,2,1,2,2,1,4,3,4,2,4,3,2,2,5,1,4,2,2.6
CSE,3,23,Male,5,4,4,5,4,3,4,4,3,3,3,4,4,3,4,4,4,4,5,3,4,3,4,3,4,3.8
CSE,3,23,Male,5,5,2,1,2,5,5,5,2,5,5,2,3,3,4,3,3,3,3,3,4,3,4,5,5,3.6
CSE,3,24,Male,5,4,1,4,5,5,5,5,5,2,4,4,1,5,2,5,1,5,1,1,1,4,4,4,5,3.52
CSE,3,23,Male,5,5,2,1,2,4,5,5,5,2,2,3,3,3,2,3,2,3,3,3,3,5,3,5,5,3.36
CSE,3,24,Male,5,3,5,3,3,1,5,4,3,3,1,2,1,4,3,4,2,4,1,4,3,3,2,4,3,3.04
CSE,3,23,Female,5,3,3,4,3,5,3,5,3,3,2,2,3,3,5,3,1,3,2,3,3,2,3,1,1,2.96
CSE,3,22,Female,5,2,5,1,5,1,4,4,4,3,2,2,1,2,1,4,2,2,2,1,2,4,2,4,2,2.68
CSE,3,23,Male,5,3,1,1,4,3,1,2,3,2,4,2,2,2,3,4,2,2,2,2,2,2,2,4,3,2.52
CSE,3,23,Female,5,3,5,1,5,1,1,2,3,3,4,2,2,2,3,2,2,2,2,2,2,2,2,4,4,2.64
CSE,3,21,Male,3,2,3,4,4,3,2,4,2,4,2,2,2,4,4,2,1,2,3,5,4,2,3,2,4,2.92
CSE,3,21,Male,5,5,3,4,5,5,4,4,3,5,4,2,3,4,3,5,1,4,4,3,3,4,4,5,4,3.84
CSE,3,21,Male,3,5,1,2,5,3,4,3,4,3,5,4,2,3,4,5,4,5,3,3,2,2,4,4,5,3.52
CSE,3,22,Male,5,5,4,5,4,5,5,5,4,3,1,5,2,5,2,3,3,3,1,1,1,3,3,5,5,3.52
CSE,3,21,Male,5,5,5,5,5,4,5,5,4,3,1,3,2,5,3,2,2,4,1,2,2,4,4,5,2,3.52
CSE,3,22,Male,1,5,1,4,3,1,5,3,3,3,5,2,4,4,1,1,3,3,2,4,3,4,4,5,5,3.16
CSE,3,22,Male,5,3,4,3,5,4,4,5,3,3,5,3,3,4,3,4,2,3,2,3,3,3,2,3,2,3.36
CSE,3,21,Male,5,5,1,2,5,3,4,3,4,3,5,4,2,3,4,5,4,4,3,3,2,2,4,4,1,3.4
CSE,3,21,Male,5,5,5,4,2,5,5,5,5,4,5,3,2,2,5,4,4,4,3,4,2,2,4,4,4,3.88
CSE,3,22,Male,5,4,1,1,5,3,5,4,3,3,3,4,5,1,4,5,3,5,3,2,1,4,4,3,5,3.44
CSE,3,21,Male,5,4,5,1,5,5,5,4,4,2,5,1,1,2,2,2,1,1,2,2,1,2,3,3,4,2.88
CSE,3,25,Male,3,5,5,1,5,1,1,1,1,5,1,1,5,1,2,1,1,1,1,1,1,1,4,5,4,2.32
CSE,3,21,Female,1,4,5,1,5,1,4,2,2,4,1,2,1,4,4,2,2,2,2,2,3,2,4,4,1,2.6
CSE,3,21,Male,5,1,1,1,5,5,5,4,3,3,5,4,1,1,3,1,3,2,2,2,1,2,2,3,3,2.72
CSE,2,21,Male,5,2,1,3,3,3,4,2,3,4,2,2,1,3,3,2,2,2,1,2,3,3,2,2,2,2.48
CSE,2,21,Male,1,4,1,1,1,1,4,5,4,5,1,4,1,5,2,2,2,2,5,2,2,4,2,5,1,2.68
CSE,2,21,Female,5,2,2,3,1,3,4,2,3,4,4,1,3,3,2,2,2,1,2,3,3,3,2,2,2,2.56
CSE,2,21,Female,5,2,2,1,4,4,4,2,3,4,4,3,3,2,2,2,1,2,3,3,3,2,2,2,2,2.68
CSE,2,21,Female,5,2,2,1,3,3,3,2,3,4,4,3,3,2,2,2,1,2,3,3,3,2,2,2,2,2.56
CSE,2,21,Male,5,4,3,4,5,4,4,4,3,4,4,2,3,4,3,4,4,2,2,4,3,2,2,4,3,3.44
CSE,2,21,Male,5,1,5,2,1,1,4,4,2,4,2,2,1,2,2,2,2,2,1,2,2,2,2,3,2,2.32
CSE,2,21,Male,5,1,5,2,1,1,4,4,2,4,2,2,1,2,2,2,2,2,1,2,2,2,2,3,2,2.32
CSE,2,23,Male,5,1,4,2,1,1,4,4,2,4,2,2,1,2,2,2,2,2,2,1,2,2,2,3,2,2.28
CSE,2,23,Male,5,4,4,5,3,2,3,2,2,2,3,2,2,2,2,3,1,2,3,3,2,3,2,2,2,2.64
CSE,2,23,Female,5,3,2,2,2,1,4,2,3,2,2,2,2,3,2,2,2,1,2,3,2,3,3,2,2,2.36
CSE,2,23,Male,5,3,2,2,3,1,4,2,3,2,2,2,2,3,2,2,2,1,2,3,2,3,3,2,2,2.4
CSE,2,21,Male,5,3,2,2,2,1,4,2,3,2,2,2,2,3,2,2,2,1,2,3,2,3,3,2,2,2.36
CSE,2,21,Male,5,1,1,4,5,5,5,4,4,5,4,2,1,3,1,4,3,2,4,2,3,4,5,5,5,3.48
CSE,2,21,Female,5,1,5,2,4,1,4,4,2,4,2,2,1,2,2,2,2,2,2,2,2,2,2,4,4,2.6
CSE,2,21,Female,5,1,5,2,1,1,4,4,2,4,2,2,1,2,2,2,2,2,1,2,2,2,2,3,2,2.32
CSE,2,21,Female,1,1,5,2,1,1,4,4,2,4,2,2,1,2,2,2,2,2,1,2,2,2,2,3,2,2.16
CSE,2,21,Male,5,1,5,2,1,1,4,4,2,4,2,2,1,2,2,2,2,2,1,2,2,2,2,3,2,2.32
CSE,2,21,Female,5,2,1,3,4,3,4,2,3,4,2,2,1,3,3,2,2,2,1,2,3,3,3,2,2,2.56
CSE,2,21,Male,1,2,5,1,2,4,1,3,1,3,4,5,5,3,3,1,4,4,2,2,3,2,3,2,1,2.68
CSE,2,23,Male,1,2,1,3,1,5,1,1,5,4,1,4,1,3,2,1,1,5,1,3,1,2,5,3,4,2.44
CSE,2,23,Male,1,1,5,2,1,4,1,1,2,3,4,2,4,1,2,4,4,4,1,4,5,4,4,2,1,2.68
CSE,2,21,Male,1,2,5,5,1,4,1,3,1,3,4,5,5,2,3,3,1,1,4,4,2,2,3,2,4,2.84
CSE,2,19,Male,1,2,5,5,1,4,1,3,1,3,4,5,5,3,3,1,4,4,2,2,3,2,4,2,1,2.84
CSE,2,21,Male,1,2,5,1,5,1,1,4,1,4,5,4,4,3,3,1,4,4,2,2,2,3,2,4,2,2.8
CSE,2,21,Male,1,4,4,4,4,2,2,4,4,2,4,5,2,2,2,2,3,2,3,4,2,1,3,2,2,2.8
CSE,2,23,Male,1,5,3,5,1,1,5,1,2,4,4,2,5,4,1,1,3,4,3,4,1,1,1,1,2,2.6
CSE,2,23,Male,1,5,5,4,5,4,2,1,2,3,5,5,5,5,4,1,5,5,1,3,2,2,4,4,1,3.36
CSE,2,23,Male,1,2,3,1,2,3,2,1,2,1,2,1,2,3,4,5,4,5,4,5,4,4,5,2,4,2.88
CSE,2,23,Male,1,2,3,2,3,3,4,1,2,1,1,2,1,2,1,3,4,5,4,5,3,3,4,2,1,2.52
CSE,2,24,Male,2,1,3,2,2,2,5,1,1,2,1,2,5,4,4,5,2,2,2,3,2,3,3,1,1,2.44
CSE,2,24,Female,1,2,1,2,1,4,5,1,2,3,2,5,4,3,1,2,1,3,1,2,3,1,4,2,3,2.36
CSE,2,23,Female,1,2,1,2,3,4,2,1,2,1,2,3,1,3,2,2,3,4,5,5,4,5,3,2,1,2.56
CSE,2,22,Female,1,2,1,2,1,3,5,2,3,4,2,1,2,2,1,3,2,3,5,4,5,4,4,4,5,2.84
CSE,2,23,Female,1,2,1,2,3,2,5,1,2,1,2,4,5,2,3,3,3,2,3,2,3,4,2,4,5,2.68
CSE,1,23,Male,5,3,1,1,5,3,5,2,2,2,5,1,1,3,1,1,1,1,3,3,3,3,1,3,5,2.56
CSE,1,19,Male,5,5,3,1,5,1,2,3,1,1,1,1,1,5,1,1,1,1,5,4,3,1,3,2,5,2.48
CSE,1,19,Male,3,5,1,3,5,1,4,3,2,4,4,2,1,4,4,3,2,2,2,2,3,2,2,4,4,2.88
CSE,1,18,Male,5,3,1,1,5,3,5,2,2,2,5,1,1,3,1,1,1,1,3,3,3,3,1,3,5,2.56
CSE,1,19,Male,5,3,1,1,5,3,5,2,2,2,5,1,1,3,5,2,2,2,4,5,3,1,3,5,4,3
CSE,1,19,Male,5,3,1,1,5,3,5,3,3,4,5,1,1,3,3,5,4,1,1,3,3,3,1,3,5,3
CSE,1,21,Male,5,3,1,3,5,4,5,4,1,5,5,1,1,3,4,5,4,1,1,2,3,3,5,4,5,3.32
CSE,1,21,Male,5,1,1,4,5,3,5,4,4,4,3,1,3,2,4,2,2,2,4,5,3,3,2,1,3,3.04
CSE,1,19,Male,4,1,1,2,5,5,5,5,2,5,5,3,1,3,4,4,5,2,2,2,4,2,4,4,3,3.32
CSE,1,19,Male,5,1,2,3,5,5,2,4,5,4,5,5,5,5,4,5,3,2,2,5,3,3,3,3,5,3.76
CSE,1,19,Male,5,3,5,4,3,2,5,4,5,3,4,5,5,5,4,5,3,2,2,3,5,4,5,3,3,3.88
CSE,1,23,Male,5,4,5,3,1,5,4,4,4,4,3,1,3,2,4,2,2,2,2,5,3,2,5,4,1,3.2
CSE,1,18,Male,5,1,1,4,1,1,5,4,5,4,5,3,5,5,4,3,5,5,4,2,2,5,3,5,5,3.68
CSE,1,18,Male,5,5,1,1,3,1,5,4,3,4,4,3,1,3,2,4,5,5,3,3,4,3,5,1,4,3.28
CSE,1,18,Male,4,4,3,5,4,1,3,3,4,4,4,3,1,3,2,4,5,5,4,3,5,3,2,1,3,3.32
CSE,1,18,Male,5,2,1,4,5,1,5,4,5,4,5,3,5,4,3,5,5,4,2,2,4,4,3,4,4,3.72
CSE,1,18,Male,5,2,1,3,4,4,5,3,4,4,5,2,5,3,4,4,4,2,2,4,4,3,5,5,5,3.68
CSE,1,19,Male,5,1,5,1,5,4,5,4,1,5,3,3,2,2,4,4,2,2,2,3,4,4,4,4,4,3.32
CSE,1,23,Male,5,5,4,1,5,1,5,3,4,5,5,4,1,1,4,3,3,3,5,4,4,5,4,3,4,3.64
CSE,1,19,Female,5,5,1,1,5,4,5,3,4,5,5,4,1,1,4,5,5,4,4,5,4,3,5,5,1,3.76
CSE,1,19,Female,5,4,3,4,4,3,5,5,4,4,4,2,1,5,5,4,4,1,3,5,4,5,3,5,3,3.8
CSE,1,19,Female,5,2,1,1,5,4,5,3,4,5,5,4,1,3,1,4,2,2,2,1,2,5,4,3,4,3.12
CSE,1,23,Female,5,1,5,4,5,4,5,5,4,5,5,1,1,4,5,1,4,1,1,5,2,5,5,5,1,3.56
CSE,1,19,Female,3,2,5,1,5,4,3,4,2,4,3,1,4,1,4,4,1,2,3,2,1,5,4,5,5,3.12
CSE,1,18,Female,5,2,1,1,5,1,2,3,5,4,2,1,2,3,2,2,2,1,3,5,4,3,1,3,5,2.72
CSE,1,18,Female,5,5,5,3,4,2,4,5,4,4,3,1,1,2,3,3,2,4,2,2,2,3,2,5,5,3.24
CSE,1,19,Female,5,5,5,3,4,4,5,2,2,3,4,5,5,4,3,4,3,4,3,3,3,3,3,4,4,3.72
CSE,1,19,Male,5,4,5,3,5,4,5,4,5,4,5,1,1,5,5,4,4,4,5,5,4,4,3,5,5,4.16
CSE,1,19,Male,5,2,1,2,5,4,5,4,5,4,5,4,5,4,3,5,5,4,2,2,4,4,3,5,5,3.88
CSE,1,23,Male,2,1,1,5,5,1,5,5,3,3,3,5,2,2,4,4,2,1,4,1,5,5,5,3,4,3.24
CSE,1,23,Male,5,4,5,1,5,4,5,4,4,4,5,2,2,5,4,4,3,2,2,2,4,5,4,3,4,3.68
CSE,1,18,Male,5,4,5,1,5,4,4,5,1,4,4,3,1,1,5,3,3,1,3,5,2,1,3,5,1,3.16
CSE,1,18,Male,5,1,1,2,5,5,1,2,2,5,4,2,1,3,1,3,2,3,1,1,5,3,4,5,3,2.8
CSE,1,18,Male,5,4,5,1,5,4,4,4,4,4,3,1,3,2,5,1,3,5,3,5,3,4,3,5,4,3.6
CSE,1,18,Male,5,5,4,1,5,3,5,2,2,1,3,3,3,3,5,3,1,2,2,5,5,3,5,4,3,3.32
CSE,1,23,Male,5,5,1,1,3,1,5,5,1,4,1,1,5,3,1,3,5,1,3,3,4,5,1,3,2,2.88
CSE,1,23,Male,5,2,1,1,5,2,5,2,2,2,5,1,1,3,5,4,5,5,3,3,3,3,1,3,4,3.04
CSE,1,19,Male,5,5,1,1,4,1,5,4,2,1,3,2,1,5,5,5,2,1,1,3,3,5,1,3,5,2.96
CSE,1,18,Male,5,2,1,2,5,4,5,5,4,3,3,4,4,4,5,2,1,1,3,3,5,1,4,5,4,3.4
CSE,1,18,Female,5,1,1,4,5,1,5,4,3,4,5,3,2,4,4,2,2,5,5,4,5,3,3,4,4,3.52
CSE,1,18,Female,5,5,1,1,5,4,5,4,1,2,2,5,5,3,5,2,2,1,4,4,2,2,2,4,4,3.2
CSE,1,18,Female,5,5,1,1,5,4,5,2,2,1,5,4,1,1,4,3,3,3,1,3,5,4,3,4,4,3.16
CSE,1,18,Male,5,5,4,1,5,1,4,4,2,4,4,2,2,2,4,4,2,2,2,1,1,5,4,4,3,3.08
CSE,1,19,Female,5,5,1,5,1,5,4,5,5,3,3,2,3,5,5,5,5,4,4,3,3,3,5,5,1,3.8
CSE,1,19,Female,5,2,1,1,5,4,5,3,4,5,5,4,1,3,1,4,2,2,2,1,2,5,4,3,4,3.12
CSE,1,19,Male,5,5,2,1,5,1,5,4,3,4,4,2,2,3,3,5,5,4,4,5,4,3,3,3,4,3.56
CSE,1,23,Female,5,1,1,1,5,1,5,4,2,4,4,2,2,4,4,5,4,5,3,4,5,3,2,3,4,3.32
CSE,1,19,Female,5,4,5,3,2,1,5,2,2,4,2,5,4,2,3,3,4,2,2,3,1,5,4,1,5,3.16
CSE,1,19,Male,3,5,5,5,5,5,5,4,2,2,3,2,3,4,2,4,2,2,4,3,3,3,3,3,2,3.36
CSE,1,23,Male,1,2,3,1,2,1,4,1,2,1,4,4,5,5,3,3,4,3,4,1,1,2,1,3,1,2.48
CSE,1,23,Female,1,2,1,2,1,3,5,1,2,1,3,4,5,4,4,5,4,3,1,4,1,1,3,3,3,2.68
CSE,1,23,Female,2,1,2,1,3,5,4,1,2,2,3,4,5,2,3,3,2,3,2,3,2,5,2,5,4,2.84
CSE,1,23,Female,1,2,3,4,5,3,4,1,2,1,4,1,3,4,5,3,4,2,1,3,2,3,2,4,5,2.88
CSE,1,23,Male,1,2,1,3,2,3,4,1,2,1,2,4,2,2,3,2,3,3,2,4,2,4,2,4,5,2.56
CSE,1,23,Male,1,2,1,5,4,3,3,2,4,5,2,1,2,1,2,1,2,1,3,1,5,1,2,2,1,2.28
CSE,1,23,Male,2,2,3,2,3,1,2,5,4,4,2,3,2,3,2,1,1,2,1,2,1,4,4,5,2,2.52
CSE,1,19,Male,2,4,1,3,2,4,1,1,2,3,1,3,2,5,2,4,1,3,1,4,1,2,2,3,1,2.32
CSE,1,23,Male,5,5,1,1,3,5,3,1,5,4,3,4,4,3,1,5,3,3,1,4,4,3,2,2,2,3.08
CSE,4,27,Male,3,3,2,4,5,3,2,3,4,4,1,2,2,3,4,3,2,2,4,3,4,5,4,4,1,3.08
CSE,1,19,Male,1,1,1,3,4,5,4,3,4,5,3,4,4,2,2,2,3,3,2,3,3,4,3,5,4,3.12
CSE,3,23,Male,2,2,4,4,5,2,1,3,4,3,4,1,5,4,3,5,1,1,5,3,4,4,5,1,1,3.08
CSE,4,23,Male,4,5,2,2,3,3,5,4,5,4,5,3,2,3,4,4,3,2,3,3,2,5,3,4,4,3.48
CSE,4,23,Male,3,3,3,4,5,1,4,5,4,4,4,2,2,3,2,2,2,3,3,3,4,3,2,5,3,3.16
CSE,4,22,Male,3,2,2,3,3,3,3,4,4,3,3,2,4,2,1,1,1,1,3,3,3,1,4,1,4,2.56
CSE,2,21,Female,3,4,2,4,4,4,2,4,5,4,3,3,3,3,2,2,2,2,3,3,4,5,3,5,5,3.36
CSE,4,22,Female,3,1,1,5,5,1,4,4,4,4,1,4,2,4,4,2,4,2,1,2,4,4,4,4,2,3.04
CSE,3,22,Female,5,5,4,1,5,2,1,5,4,4,2,2,1,2,2,2,2,2,4,2,2,2,4,5,5,3
CSE,4,22,Male,4,4,4,1,3,1,3,4,4,2,5,2,4,3,4,4,2,4,4,4,4,4,1,4,4,3.32
CSE,3,22,Male,1,1,2,4,2,2,5,5,4,3,2,5,2,3,4,2,4,3,2,3,3,3,4,5,4,3.12
CSE,2,22,Male,1,3,3,1,1,2,1,3,3,4,4,3,2,5,3,3,3,2,2,2,3,3,3,5,5,2.8
CSE,3,22,Male,1,4,5,3,5,5,4,4,4,4,5,1,3,1,1,1,1,1,2,2,1,5,2,4,5,2.96
EEE,1,19,Male,5,4,5,3,5,3,2,5,4,5,4,2,3,2,3,2,1,4,3,2,3,5,3,5,4,3.48
EEE,1,23,Male,5,4,1,2,5,1,3,2,3,4,4,2,2,3,1,5,3,3,2,3,3,5,4,1,2,2.92
EEE,2,22,Male,5,4,3,5,4,3,1,5,4,3,5,3,1,3,2,3,2,1,3,2,4,2,4,5,2,3.16
EEE,2,22,Male,4,3,5,3,5,3,1,4,5,1,5,3,5,3,5,1,4,5,2,4,5,3,4,5,2,3.6
EEE,2,21,Male,5,4,5,3,2,1,5,5,4,3,2,1,4,3,3,4,1,3,4,3,2,1,2,4,3,3.08
EEE,2,22,Female,5,5,4,3,2,1,4,5,4,5,1,4,3,2,4,3,1,5,3,5,3,1,3,4,5,3.4
EEE,2,22,Female,5,4,3,4,3,2,5,4,3,4,3,1,3,4,3,5,5,4,5,4,2,1,2,5,2,3.44
EEE,2,21,Male,5,4,3,1,2,1,5,4,3,2,1,3,5,3,2,3,2,1,1,2,2,1,4,5,4,2.76
EEE,3,21,Male,3,2,1,3,4,3,5,4,2,2,5,2,3,5,5,4,1,2,4,5,4,2,2,2,3,3.12
EEE,3,21,Male,3,3,3,2,3,4,5,4,1,1,4,1,4,5,2,3,1,2,3,1,1,5,3,3,3,2.8
EEE,4,22,Male,3,5,1,1,4,1,5,4,2,5,5,1,3,5,1,4,1,2,5,4,3,5,2,3,4,3.16
EEE,4,22,Male,1,4,5,1,3,1,5,5,1,3,5,1,1,5,4,4,1,1,3,2,4,4,2,1,4,2.84
EEE,4,22,Male,3,2,2,4,4,1,4,5,2,4,5,2,1,4,3,3,3,3,2,3,3,4,5,4,3,3.16
EEE,3,21,Male,3,3,2,3,3,3,3,5,4,3,2,3,3,2,4,3,3,5,3,2,4,4,4,3,3,3.2
EEE,4,23,Male,3,1,5,3,3,4,3,3,4,1,2,1,2,4,4,3,2,2,4,5,2,5,2,4,3,3
English,1,18,Female,5,1,4,2,4,1,3,5,2,4,1,4,2,5,2,4,2,4,2,4,1,5,2,4,3,3.04
English,1,19,Female,4,5,5,3,2,2,1,3,4,2,5,3,1,2,4,3,5,2,4,1,4,2,4,5,1,3.08
English,1,23,Female,4,2,5,3,2,4,2,5,2,5,2,5,2,4,1,4,1,4,2,1,5,1,5,3,1,3
English,1,23,Female,5,4,3,2,5,1,3,5,4,3,5,3,2,4,3,4,1,4,5,3,5,2,3,5,1,3.4
English,1,23,Female,5,4,5,1,2,3,5,5,4,5,4,1,3,4,5,4,3,1,4,5,4,3,3,1,5,3.56
English,1,23,Male,5,3,5,3,5,4,1,2,5,3,5,3,4,5,3,5,3,5,3,5,2,5,3,5,2,3.76
English,1,23,Male,5,4,5,3,1,2,1,5,4,3,3,2,1,4,3,5,4,3,4,3,1,2,1,3,2,2.96
English,1,22,Male,5,4,3,4,5,3,1,5,4,5,3,5,4,5,4,5,2,3,4,2,2,4,3,2,1,3.52
English,1,23,Male,4,5,3,2,4,2,1,3,4,2,5,1,1,2,4,3,1,5,3,2,1,4,2,1,5,2.8
English,1,23,Male,4,2,5,2,4,1,3,4,2,4,2,5,1,3,2,5,2,3,4,5,3,1,4,2,4,3.08
English,1,19,Male,5,2,4,1,3,5,1,4,2,4,1,4,2,3,4,1,3,5,3,2,3,5,2,4,2,3
English,1,19,Male,5,4,2,5,3,5,3,3,5,3,5,3,1,5,3,5,2,5,3,5,3,4,2,5,3,3.68
English,1,23,Male,4,2,3,5,1,4,2,5,2,1,4,1,4,1,5,3,2,5,3,1,5,2,4,2,4,3
English,1,19,Male,5,2,1,5,4,5,3,5,4,5,5,2,1,1,4,4,1,4,2,1,4,1,4,5,4,3.28
English,1,23,Male,4,5,3,5,3,5,3,4,5,3,1,5,3,5,3,5,3,5,3,5,3,5,2,5,3,3.84
English,2,21,Male,5,4,3,2,1,1,5,5,4,4,3,2,1,1,2,2,3,1,5,4,3,3,3,2,1,2.8
English,2,24,Female,3,1,1,1,1,2,2,2,2,4,1,1,2,4,1,4,1,5,5,5,5,1,5,1,5,2.6
English,2,23,Female,3,3,3,4,4,5,5,5,5,3,3,3,3,3,4,4,4,4,4,5,2,2,2,1,4,3.52
English,2,24,Female,2,3,3,2,2,2,3,2,2,4,4,3,2,3,3,5,5,2,3,3,3,5,5,2,2,3
English,2,23,Female,2,2,3,3,3,3,3,3,2,2,2,2,2,4,4,4,4,4,1,2,2,2,4,1,4,2.72
English,2,23,Female,4,4,4,4,2,2,1,1,2,2,4,2,2,2,2,1,1,1,2,2,2,2,4,4,5,2.48
English,2,23,Male,3,2,3,3,2,2,2,4,4,5,5,5,3,3,2,2,3,5,5,2,2,3,2,3,5,3.2
English,2,23,Male,3,2,3,5,2,2,3,3,2,1,1,4,4,5,5,1,2,2,4,4,5,5,5,5,2,3.2
English,2,23,Female,2,4,3,4,3,3,3,3,3,3,3,4,3,4,2,4,3,2,2,3,3,3,3,3,2,3
English,2,23,Male,3,2,3,3,2,2,3,3,3,2,2,5,3,4,3,4,3,2,3,2,3,2,3,2,3,2.8
English,2,23,Male,2,2,4,3,2,2,4,4,2,2,2,5,3,2,2,2,2,3,3,3,4,4,5,5,5,3.08
English,2,22,Male,3,4,3,3,3,1,4,4,3,3,1,2,4,3,3,2,4,2,2,2,2,3,3,3,3,2.8
English,2,22,Male,3,2,3,3,2,4,3,4,3,3,1,2,3,3,4,3,5,5,3,3,4,5,5,6,3,3.4
English,2,24,Male,3,2,3,3,2,3,3,4,3,2,2,3,2,2,4,3,4,5,4,3,3,2,2,2,3,2.88
English,2,23,Female,4,3,3,3,2,3,2,3,3,2,2,2,2,3,4,2,4,3,2,3,4,2,2,4,2,2.76
English,2,24,Female,5,2,5,4,3,4,2,3,3,2,3,3,3,3,2,3,3,3,3,2,2,2,3,3,4,3
English,2,24,Female,5,3,3,4,3,4,3,3,3,2,2,3,3,3,3,3,2,4,3,2,2,3,3,2,2,2.92
English,2,24,Female,2,3,3,4,2,3,3,3,2,2,3,2,2,3,3,2,3,3,4,4,5,2,2,3,2,2.8
English,2,24,Female,2,2,2,4,3,3,3,3,2,2,3,3,3,2,2,3,3,3,2,2,3,3,2,3,3,2.64
English,2,23,Female,1,3,1,4,3,3,2,4,2,3,3,3,3,3,3,2,3,4,4,2,2,3,3,2,3,2.76
English,2,23,Female,4,2,2,5,3,4,3,4,2,3,3,2,2,3,3,3,4,3,3,3,4,3,2,2,3,3
English,3,23,Female,4,3,3,2,3,4,3,2,2,2,4,2,3,2,2,2,3,2,4,4,5,5,2,5,2,3
English,3,23,Male,4,2,1,2,3,3,2,2,3,3,2,2,3,3,3,3,3,3,5,5,4,3,3,2,3,2.88
English,3,24,Male,4,3,2,3,4,3,2,3,3,3,4,2,2,3,2,3,3,3,4,5,3,4,2,3,2,3
English,3,25,Male,4,2,2,2,4,3,3,3,3,2,4,4,3,3,3,3,3,4,3,2,3,3,4,2,3,3
English,3,25,Male,5,3,2,4,2,4,3,3,3,3,2,4,3,2,3,2,3,3,5,5,2,3,2,3,3,3.08
English,3,25,Female,5,2,4,2,2,4,3,3,3,3,2,2,2,3,2,3,4,3,2,3,2,3,2,3,3,2.8
English,3,23,Female,4,3,4,4,3,4,2,3,3,2,2,2,3,2,3,3,4,4,4,5,3,2,2,3,2,3.04
English,3,23,Female,4,2,4,2,2,4,2,3,2,3,2,3,2,3,3,2,3,2,3,2,3,2,3,2,3,2.64
English,3,23,Female,3,3,2,2,3,3,2,3,3,3,3,2,3,3,2,3,2,4,4,5,4,2,2,2,4,2.88
English,3,22,Female,2,2,2,2,3,3,4,3,2,3,3,3,3,2,3,3,3,2,3,2,3,2,2,2,3,2.6
English,3,23,Male,2,3,4,3,3,3,4,3,3,3,3,2,3,3,2,4,3,2,2,4,2,4,4,4,3,3.04
English,3,24,Female,3,3,4,4,2,4,4,3,2,2,2,3,2,3,3,3,2,3,2,2,3,2,3,2,3,2.76
English,3,23,Male,3,2,5,2,3,2,2,2,3,2,2,2,3,3,3,4,3,4,4,5,3,2,4,2,4,2.96
English,3,22,Female,3,3,2,4,3,3,2,3,2,3,3,3,3,2,3,4,3,3,2,2,2,2,2,2,3,2.68
English,3,22,Male,5,2,3,4,2,4,2,2,3,3,4,3,2,3,2,3,3,3,3,2,2,3,2,3,2,2.8
English,3,22,Male,5,1,3,2,3,4,3,3,2,2,4,3,4,3,4,4,2,1,2,1,2,2,3,2,3,2.72
English,3,24,Female,3,2,4,4,2,4,2,3,3,1,5,2,4,2,4,3,3,2,3,3,4,4,2,2,2,2.92
English,3,24,Male,3,2,4,4,4,5,3,4,2,2,5,3,4,3,4,4,1,2,1,2,1,2,2,1,3,2.84
English,3,23,Male,3,4,5,4,4,3,2,4,3,2,5,4,5,3,4,3,2,4,2,4,4,3,3,3,2,3.4
English,3,23,Female,5,4,2,4,4,2,3,4,2,1,2,4,5,2,4,4,1,2,1,2,1,2,2,1,1,2.6
English,3,24,Female,5,3,3,4,2,2,2,3,3,2,2,2,2,3,4,5,2,3,3,4,4,1,2,1,2,2.76
English,4,23,Female,5,2,2,2,4,2,3,3,3,2,3,2,3,2,3,5,2,2,2,1,1,1,2,2,1,2.4
English,4,23,Female,3,2,3,2,2,2,3,2,2,3,2,3,2,3,3,5,3,3,4,2,2,1,1,2,3,2.52
English,4,24,Male,3,3,2,2,4,3,2,2,2,3,3,2,3,3,3,5,2,1,2,1,2,2,1,1,2,2.36
English,4,24,Male,3,3,4,2,4,3,2,3,3,4,2,3,3,2,2,5,2,1,3,3,4,4,5,2,2,2.96
English,4,24,Male,2,3,3,2,2,3,3,4,3,4,3,2,3,3,3,4,1,2,2,1,2,2,1,1,2,2.44
English,4,23,Male,2,2,4,2,2,3,3,4,3,2,3,3,4,2,3,4,2,3,3,4,5,5,6,4,2,3.2
English,4,23,Male,2,2,4,4,2,3,2,3,3,2,2,2,4,3,2,3,2,1,2,1,2,1,1,1,2,2.24
English,4,23,Male,4,3,5,4,2,4,3,3,2,3,3,3,4,4,2,3,2,3,4,4,2,2,2,3,4,3.12
English,4,23,Male,4,3,2,4,2,3,3,2,2,2,4,2,2,4,4,3,2,1,2,1,2,2,1,1,2,2.4
English,4,23,Male,4,2,2,4,2,3,2,2,3,2,4,3,3,4,4,3,2,2,3,4,5,5,5,5,5,3.32
English,4,23,Male,5,3,1,2,3,4,2,2,3,2,4,3,2,4,4,3,2,2,3,2,2,2,2,2,2,2.64
English,4,23,Male,5,2,1,2,3,4,2,4,3,4,5,2,3,3,4,3,3,3,4,4,5,5,2,2,3,3.24
English,4,23,Male,3,3,2,2,3,5,3,4,3,4,2,3,3,3,3,4,3,2,2,3,3,3,2,3,2,2.92
English,4,24,Male,2,2,2,4,3,3,3,4,3,2,3,2,3,4,2,5,3,2,3,3,2,2,3,3,3,2.84
English,4,24,Male,1,3,4,3,1,2,2,3,4,2,2,3,3,3,2,5,1,2,2,1,2,3,2,2,4,2.48
English,4,24,Male,1,2,2,3,1,2,3,2,3,3,3,2,2,4,2,4,1,2,2,3,3,4,1,2,1,2.32
English,4,24,Male,2,3,4,2,2,2,2,3,4,2,2,3,3,3,3,5,2,1,2,1,4,4,3,2,1,2.6
English,4,24,Male,3,3,2,2,3,2,3,3,4,2,3,2,3,3,3,3,2,2,4,4,4,5,4,4,2,3
English,4,23,Male,3,3,2,4,4,3,2,4,3,3,2,3,5,5,3,3,1,2,1,4,3,2,2,2,1,2.8
English,3,21,Female,3,3,3,3,3,1,3,4,3,3,4,2,1,4,5,5,2,2,4,2,3,3,4,3,4,3.08
English,3,21,Male,4,3,3,3,3,1,4,4,3,3,3,4,1,3,2,3,2,3,5,2,3,3,4,3,3,3
English,3,21,Male,2,3,3,1,5,2,5,3,3,3,1,3,3,5,3,4,2,4,5,1,2,4,2,3,3,3
English,4,22,Male,3,1,1,3,5,1,4,3,3,3,3,1,1,5,2,2,2,2,3,1,4,1,1,4,3,2.48
English,3,22,Male,3,4,1,1,5,1,4,5,3,1,5,1,1,5,1,5,1,4,5,1,3,4,4,4,4,3.04
English,2,19,Female,3,2,1,3,5,1,3,5,3,3,5,1,1,4,3,3,1,1,4,1,4,4,4,3,5,2.92
English,3,23,Male,5,5,1,1,4,1,4,4,5,4,4,1,1,5,3,4,1,2,5,1,2,4,2,4,3,3.04
English,1,19,Male,3,3,2,4,5,1,4,3,3,5,5,1,1,4,2,4,1,2,2,1,5,4,3,4,4,3.04
English,1,19,Male,1,1,5,1,4,1,4,4,4,4,4,3,1,5,5,2,2,3,5,4,4,3,3,4,3,3.2
English,2,19,Male,1,4,5,3,5,1,4,4,3,3,5,2,1,5,4,3,2,3,4,2,4,4,3,4,4,3.32
English,2,19,Male,2,1,3,2,5,1,4,5,1,4,5,1,1,4,3,3,1,1,5,4,4,4,3,4,4,3
English,2,19,Male,5,3,3,2,4,1,3,5,2,2,5,1,1,5,4,2,2,2,4,2,3,5,2,4,4,3.04
English,2,23,Male,1,5,4,1,5,1,4,4,4,1,4,1,1,4,4,3,1,1,5,2,3,4,2,4,3,2.88
English,3,21,Male,1,4,1,3,4,1,1,5,4,4,5,4,3,4,4,4,2,2,5,4,4,3,4,3,4,3.32
English,3,21,Male,3,3,3,3,4,2,4,4,2,3,5,3,2,5,3,3,2,2,5,5,4,2,4,4,3,3.32
English,3,21,Male,3,3,1,1,4,1,5,4,4,4,4,5,2,5,4,3,4,2,4,2,4,4,2,4,5,3.36
English,3,21,Male,1,4,2,4,5,1,4,5,2,3,5,3,4,5,5,4,2,2,5,5,5,5,4,2,4,3.64
English,3,22,Male,1,4,4,3,4,1,4,4,4,5,5,2,1,5,2,2,1,4,5,5,3,4,3,3,4,3.32
English,2,23,Male,3,2,3,3,4,1,4,4,4,3,5,1,2,5,4,3,2,2,5,4,5,4,3,3,4,3.32
English,2,23,Male,3,4,4,1,4,1,3,4,4,4,5,2,1,4,4,3,2,2,5,5,3,5,4,3,4,3.36
English,2,23,Male,4,3,3,2,4,2,3,5,4,4,5,2,2,5,4,2,2,2,5,4,3,5,1,4,3,3.32
English,3,23,Male,3,5,3,2,5,3,5,4,2,3,4,2,2,3,4,2,2,2,3,3,4,5,2,4,4,3.24
English,2,19,Male,1,4,4,3,4,1,4,5,1,2,5,2,4,4,2,3,3,3,5,3,4,2,3,4,4,3.2
English,1,18,Male,1,1,3,1,5,1,5,4,1,4,5,1,2,4,4,3,3,3,3,3,3,3,3,2,5,2.92
English,4,23,Male,3,4,1,4,1,4,3,4,2,3,2,3,4,4,4,3,3,2,5,4,4,3,5,4,4,3.32
English,1,18,Male,3,5,5,5,4,5,5,5,5,4,2,3,2,2,2,1,2,1,3,5,5,4,1,4,5,3.52
English,1,19,Male,1,3,1,1,4,1,5,5,3,2,5,1,1,3,1,3,4,1,3,2,4,3,3,3,5,2.72
English,1,23,Male,1,3,3,1,4,1,4,3,3,2,5,2,1,4,3,2,2,3,3,2,2,4,3,2,5,2.72
Environment ,4,21,Male,3,5,5,1,3,1,5,4,4,3,4,4,1,4,2,4,5,4,4,2,5,5,4,2,4,3.52
FT,1,23,Female,3,1,1,3,4,1,5,5,2,5,5,4,2,3,5,4,3,1,3,3,4,4,3,4,3,3.24
FT,2,21,Female,1,4,5,3,4,1,5,4,3,2,4,3,2,3,4,4,2,2,3,1,2,3,4,2,3,2.96
FT,2,21,Male,3,1,3,1,4,1,4,3,3,3,3,4,2,4,2,2,4,2,2,2,2,4,2,2,4,2.68
FT,2,21,Male,1,1,3,2,4,1,4,3,4,4,5,3,3,3,4,3,3,2,3,3,3,2,3,4,3,2.96
FT,3,22,Male,4,3,1,1,4,1,3,4,1,4,5,4,3,3,3,3,2,1,3,3,4,3,3,2,5,2.92
Law,4,23,Male,3,1,4,1,2,1,4,2,4,3,1,4,2,4,5,5,2,2,4,2,2,2,2,4,4,2.8
Law,4,25,Male,3,1,1,3,2,3,3,2,1,5,4,2,1,2,1,2,3,2,1,2,5,1,2,3,2,2.28
Law,4,22,Male,1,1,1,1,1,1,5,1,1,1,1,1,1,5,5,5,1,1,1,1,1,1,3,2,1,1.76
Law,4,22,Female,1,1,1,1,1,1,1,1,4,2,4,4,4,2,2,5,2,1,1,1,1,1,1,1,1,1.8
Law,4,23,Male,5,5,2,5,1,2,5,5,2,4,4,2,2,1,4,5,1,2,5,2,1,5,5,2,5,3.28
Law,4,22,Male,5,1,2,5,1,1,4,1,4,4,4,4,4,1,2,5,5,3,3,1,2,2,3,2,4,2.92
Law,4,25,Male,5,5,2,5,1,2,5,5,4,4,2,4,2,1,4,5,1,2,5,2,3,5,2,3,2,3.24
Law,4,22,Male,5,5,2,5,1,2,5,5,4,4,2,4,2,1,4,5,1,2,4,5,4,4,2,3,2,3.32
Law,4,23,Female,1,1,1,4,1,1,1,1,2,1,1,1,2,1,1,1,2,1,1,2,1,1,3,2,1,1.4
Law,4,21,Male,3,1,1,3,2,3,3,2,1,2,3,2,3,5,2,3,2,3,1,3,2,1,2,1,2,2.24
Law,4,22,Male,1,1,1,1,2,1,5,2,1,2,1,2,1,2,1,1,2,2,1,1,2,2,2,3,4,1.76
Law,4,22,Male,3,1,1,1,5,4,5,4,2,4,2,4,1,4,1,2,3,2,3,3,2,2,2,4,4,2.76
Law,4,22,Male,3,4,2,2,3,2,2,4,3,3,3,2,2,3,2,2,4,3,2,3,2,3,2,4,4,2.76
Law,4,25,Male,1,3,1,1,5,3,5,3,2,3,5,5,5,5,5,3,2,3,3,4,3,4,2,2,1,3.16
Law,4,22,Male,3,1,4,1,2,3,4,3,4,3,4,3,4,3,3,3,3,1,4,4,3,2,4,3,4,3.04
Law,3,23,Male,5,5,5,5,5,5,5,5,3,2,5,5,4,3,1,3,4,2,3,5,3,5,5,3,1,3.88
Law,3,24,Female,5,4,3,2,1,4,5,5,4,3,4,1,5,4,3,4,2,4,5,3,2,5,4,2,1,3.4
Law,2,23,Male,4,5,3,5,2,5,3,5,1,3,5,3,5,3,5,3,5,3,5,3,5,2,1,3,4,3.64
Law,2,21,Male,3,5,4,5,3,5,3,4,5,3,5,1,3,5,3,5,1,4,5,2,5,1,5,3,4,3.68
Law,1,22,Female,1,2,3,2,3,4,3,1,2,1,2,3,4,2,3,2,3,3,4,3,4,2,4,4,2,2.68
Law,1,21,Male,1,1,2,3,2,3,2,1,2,2,3,4,3,2,3,2,3,2,3,1,2,1,3,2,1,2.16
Law,1,23,Male,1,2,1,2,3,4,3,1,2,3,3,3,2,2,1,3,3,5,2,4,3,2,4,2,3,2.56
Law,1,21,Female,1,2,1,5,2,1,2,1,2,2,3,2,2,3,3,4,2,3,2,3,2,5,3,3,5,2.56
Law,1,23,Male,2,1,3,1,3,1,4,2,1,3,1,3,1,3,1,3,5,3,4,5,3,4,5,3,2,2.68
Law,1,21,Female,3,1,4,2,1,3,2,2,5,2,1,3,1,2,1,3,1,3,1,3,4,4,2,5,3,2.48
Law,1,22,Male,3,2,4,5,1,2,3,5,2,4,2,3,2,5,4,2,5,1,2,4,5,2,2,1,3,2.96
Law,1,23,Female,2,3,4,5,3,2,5,1,2,3,2,1,2,4,5,4,5,3,4,1,2,3,3,4,3,3.04
Law,1,23,Female,1,2,1,3,4,5,1,1,2,3,2,5,3,4,5,4,5,3,4,5,3,1,2,4,2,3
Law,1,23,Female,3,4,5,2,1,3,5,3,3,3,4,3,1,2,2,1,2,1,3,4,3,2,4,5,3,2.88
Law,1,23,Female,5,2,4,3,4,4,5,3,2,4,4,3,3,1,2,5,3,1,4,2,4,3,5,1,4,3.24
Law,1,21,Male,3,2,4,2,1,3,5,3,2,1,3,4,5,2,2,4,2,3,1,3,5,4,1,3,5,2.92
Law,1,23,Male,2,1,3,4,3,4,5,3,2,3,1,2,2,4,4,2,1,5,4,1,4,5,2,3,1,2.84
Law,1,21,Male,5,3,4,2,1,4,5,4,3,2,1,4,3,2,1,2,2,4,5,3,2,2,3,5,4,3.04
Law,1,19,Male,2,1,3,4,4,3,5,3,2,3,2,3,4,5,4,3,2,1,1,3,3,4,4,2,5,3.04
Law,1,23,Male,3,2,4,1,4,3,5,4,3,4,2,1,3,4,5,1,3,2,1,4,5,3,2,3,4,3.04
Law,1,19,Male,1,2,3,1,2,4,5,3,1,3,4,2,4,1,4,2,4,1,5,3,1,4,3,2,5,2.8
Law,1,21,Male,1,2,2,3,4,1,2,1,2,3,4,1,2,5,1,1,3,1,3,4,5,3,4,5,3,2.64
Law,1,23,Male,1,2,3,4,2,3,1,1,2,3,3,4,3,4,1,2,1,3,4,5,2,2,4,5,4,2.76
Law,1,23,Male,1,2,1,3,4,5,2,1,1,3,4,5,1,2,3,1,2,3,2,3,4,4,4,3,4,2.72
Law,1,22,Male,1,2,3,2,2,3,5,1,2,1,2,3,4,5,4,4,3,2,3,2,3,4,3,4,5,2.92
Law,1,23,Male,5,4,3,4,5,3,5,5,1,3,4,3,1,3,4,2,4,1,3,5,2,4,2,4,1,3.24
Law,1,18,Male,5,1,1,2,3,5,2,3,4,4,1,4,4,2,5,3,5,3,1,4,5,5,4,1,2,3.16
Law,1,19,Female,3,1,1,1,1,4,5,5,1,5,5,1,1,1,5,1,1,1,2,2,1,3,4,5,5,2.6
Law,1,23,Male,5,1,1,2,4,3,2,3,4,2,5,1,5,3,4,2,5,1,3,4,2,3,5,4,5,3.16
Law,1,18,Male,1,1,1,3,1,4,2,1,1,1,4,4,3,1,5,1,5,1,1,4,5,1,1,2,4,2.32
Law,1,23,Male,1,5,2,2,5,5,5,5,1,2,1,1,1,2,2,1,2,1,2,1,2,1,3,5,3,2.44
Law,1,23,Male,1,5,2,2,5,5,5,5,3,2,1,1,2,5,2,4,1,1,2,3,4,3,4,3,3,2.96
Law,1,19,Male,1,4,5,5,5,5,5,3,5,5,4,5,1,4,2,1,1,1,5,4,5,4,4,5,3,3.68
Law,1,21,Male,1,4,2,1,3,1,4,5,3,4,5,1,3,5,2,5,3,1,5,3,4,5,4,4,3,3.24
Law,1,23,Male,5,4,1,1,1,1,1,2,4,1,3,3,1,2,1,2,2,2,1,1,4,4,1,2,4,2.16
Law,1,23,Male,5,4,1,1,3,1,5,2,4,1,3,3,1,2,1,2,2,2,1,1,3,4,4,3,4,2.52
Law,1,19,Male,5,1,1,1,5,1,5,2,4,1,3,3,1,2,1,2,2,2,1,1,4,4,1,2,4,2.36
Law,1,23,Male,1,1,1,3,1,1,3,3,3,3,3,2,2,2,2,4,2,2,2,3,2,2,3,4,4,2.36
Law,1,23,Male,5,1,2,3,3,3,2,3,2,3,1,4,4,2,4,3,1,1,2,3,3,3,3,4,3,2.72
Law,1,22,Male,1,5,5,1,1,4,5,4,5,4,4,2,1,3,4,3,3,2,1,1,1,1,3,4,5,2.92
Law,1,23,Male,1,1,1,3,5,3,4,3,2,2,2,4,2,2,4,3,2,2,2,3,3,3,2,3,3,2.6
Law,4,22,Female,3,3,3,3,4,3,3,5,3,1,1,1,1,5,2,3,2,2,4,2,4,2,4,3,2,2.76
Law,4,22,Male,3,4,3,1,5,3,4,5,1,1,2,3,3,4,3,4,2,2,4,3,3,4,2,4,3,3.04
Law,2,23,Male,3,4,3,3,4,3,5,4,3,3,5,1,1,5,4,3,2,2,2,2,4,3,3,4,4,3.2
Law,3,21,Male,3,3,1,1,4,3,1,4,3,3,4,2,1,3,3,3,2,2,3,2,2,2,2,2,3,2.48
Law,3,22,Male,3,1,3,3,4,3,5,4,1,1,4,1,1,3,3,3,2,1,3,3,2,2,3,2,5,2.64
Law,4,22,Female,3,3,2,2,4,3,4,5,2,2,3,2,3,3,2,4,2,2,3,3,2,4,1,3,2,2.76
Law,3,23,Female,1,1,4,1,1,1,1,5,4,3,4,2,4,5,1,4,1,1,1,1,2,4,1,5,5,2.52
Law,4,24,Male,1,3,1,3,4,1,5,3,2,2,5,2,1,3,2,4,2,2,2,3,2,2,3,2,5,2.6
M Biology,1,23,Female,2,2,3,4,4,4,2,2,2,1,2,4,4,4,4,2,1,1,1,4,2,1,1,1,2,2.4
M Biology,1,21,Female,3,2,2,2,3,3,3,3,3,3,3,1,1,2,4,4,1,1,2,1,1,1,1,1,4,2.2
M Biology,1,21,Female,4,1,5,3,4,3,4,3,3,4,2,4,1,3,5,2,4,1,5,3,1,4,4,1,5,3.16
M Biology,1,21,Female,5,4,1,3,1,1,2,4,3,5,1,2,4,5,2,3,4,3,5,5,2,2,4,5,2,3.12
M Biology,1,23,Female,1,2,4,5,3,2,1,4,3,3,5,4,3,5,4,3,3,5,4,2,5,1,5,3,1,3.24
M Biology,1,21,Female,1,5,1,4,2,2,3,4,4,3,5,3,2,2,4,2,3,5,1,5,2,4,2,4,5,3.12
M Biology,1,23,Female,2,4,3,5,1,1,2,2,4,3,2,3,1,4,3,4,2,1,4,1,5,3,2,1,5,2.72
M Biology,2,23,Male,2,1,2,3,4,5,4,3,1,5,2,4,1,3,5,2,5,4,2,4,4,1,4,3,1,3
M Biology,2,23,Female,1,4,2,5,1,3,4,4,5,4,2,5,2,4,1,2,4,1,3,1,5,2,3,1,5,2.96
M Biology,2,21,Male,5,1,3,4,2,5,1,3,2,1,2,3,2,2,3,4,5,4,3,4,3,2,3,1,2,2.8
M Biology,2,21,Male,5,4,3,4,1,2,1,3,4,3,2,1,2,3,2,3,4,5,4,3,3,2,3,1,1,2.76
M Biology,2,23,Male,3,5,2,5,3,5,2,4,5,3,5,2,5,3,5,3,5,3,5,2,4,4,3,1,4,3.64
MBBS,1,23,Male,1,1,5,5,2,3,5,4,5,4,4,5,5,2,1,4,4,5,4,2,3,5,1,5,4,3.56
MBBS,1,19,Male,5,3,5,3,1,4,5,3,5,4,5,5,3,5,4,5,4,4,4,5,5,4,5,5,2,4.12
MBBS,1,19,Male,5,3,1,1,5,3,5,4,4,4,5,1,1,3,1,1,1,1,3,3,3,3,1,3,5,2.8
MBBS,1,19,Male,5,5,3,1,5,1,4,3,1,1,1,1,1,5,1,1,4,5,3,2,5,3,4,5,2,2.88
MBBS,1,23,Male,3,5,1,3,5,1,4,3,2,4,4,2,1,4,4,3,2,2,2,2,3,2,2,5,5,2.96
MBBS,1,21,Male,4,5,4,5,2,5,3,4,5,2,5,3,5,3,1,1,3,4,2,1,5,4,4,5,2,3.48
MBBS,1,22,Male,4,5,3,1,5,3,5,4,3,5,3,5,2,5,5,3,5,2,3,4,2,1,3,4,3,3.52
MBBS,1,23,Female,3,3,5,5,3,3,1,5,5,3,4,4,3,3,3,4,5,4,2,3,5,4,4,5,2,3.64
MBBS,1,19,Female,5,3,1,5,5,4,2,5,4,4,4,5,5,5,3,5,3,3,5,1,4,5,5,3,1,3.8
MBBS,1,22,Female,5,3,4,5,5,1,5,5,4,3,2,5,1,4,4,3,4,5,3,5,3,5,5,5,5,3.96
MBBS,1,19,Female,3,4,3,5,5,2,1,5,5,5,4,5,5,5,5,3,5,5,3,4,1,5,1,4,4,3.88
MBBS,1,23,Female,5,5,3,2,1,5,4,5,5,5,2,2,2,1,5,4,4,3,5,3,5,3,3,5,2,3.56
MBBS,1,21,Male,5,5,3,2,5,4,4,5,3,5,4,3,4,1,3,5,3,5,3,5,3,5,4,3,5,3.88
MBBS,1,22,Male,5,2,3,4,5,5,4,1,2,4,5,3,1,5,5,1,1,2,4,5,4,4,3,5,4,3.48
MBBS,1,23,Female,3,3,4,5,3,5,3,1,4,5,4,5,3,5,5,3,3,2,1,2,1,4,2,5,3,3.36
MBBS,1,22,Female,5,4,3,2,5,3,7,2,4,4,1,3,3,4,5,3,2,4,4,2,4,2,4,4,5,3.56
MBBS,1,21,Male,3,2,4,1,5,5,4,3,3,5,2,4,1,5,2,4,4,5,1,3,3,4,5,4,3,3.4
MBBS,1,19,Male,3,3,3,3,3,1,4,4,5,3,3,3,3,4,4,5,2,3,1,4,1,3,3,4,5,3.2
MBBS,1,23,Male,5,3,4,5,4,1,2,3,5,3,5,5,3,2,4,3,1,4,4,4,1,5,3,5,3,3.48
MBBS,1,21,Male,3,4,5,3,5,3,1,4,5,4,5,3,5,4,1,5,3,2,4,3,5,4,4,3,4,3.68
MBBS,1,22,Male,5,4,3,4,5,3,5,2,4,5,1,4,2,5,3,2,4,3,4,4,5,5,5,3,5,3.8
MBBS,1,23,Male,5,1,3,1,4,1,3,2,4,2,1,3,3,5,4,5,2,5,3,2,3,1,5,4,4,3.04
MBBS,1,21,Female,3,4,4,5,5,3,1,5,4,5,3,2,5,4,2,3,4,2,1,5,3,1,3,5,3,3.4
MBBS,1,23,Female,3,5,3,5,3,2,4,5,4,3,4,5,4,4,2,5,4,1,5,4,5,5,5,1,1,3.68
MBBS,1,19,Female,3,4,3,2,4,5,3,5,5,5,3,3,3,4,2,4,5,2,4,3,1,5,5,3,3,3.56
MBBS,1,22,Female,5,3,4,5,4,3,5,3,5,3,3,5,2,4,2,4,3,4,2,5,2,4,5,3,2,3.6
MBBS,1,23,Female,5,3,3,3,4,4,4,5,1,1,1,3,3,4,4,1,5,4,4,1,5,5,2,4,4,3.32
MBBS,1,24,Female,5,4,3,5,1,4,5,5,1,4,3,4,1,1,5,2,3,3,5,5,4,4,4,5,2,3.52
MBBS,1,24,Female,5,4,4,3,5,3,2,3,3,4,3,2,2,2,1,2,3,5,1,4,2,2,4,3,1,2.92
MBBS,1,19,Male,5,3,4,3,3,5,3,4,4,3,2,3,4,3,2,3,5,4,2,1,5,4,1,5,3,3.36
MBBS,1,25,Male,4,4,3,1,3,4,5,2,4,4,2,2,4,5,3,1,5,2,3,4,2,5,3,2,4,3.24
MBBS,1,24,Male,3,4,3,4,3,2,1,4,3,2,4,4,4,3,3,3,2,4,3,4,4,5,4,5,2,3.32
MBBS,1,23,Male,4,3,3,3,2,3,2,5,4,3,4,4,4,4,1,5,4,3,2,5,1,4,2,3,4,3.28
MBBS,1,21,Male,4,2,4,1,4,2,3,5,4,2,1,4,4,5,4,5,1,1,2,2,5,4,2,5,4,3.2
MBBS,2,23,Male,5,3,4,5,4,1,2,3,5,3,5,5,5,3,5,5,5,4,5,3,1,1,5,4,5,3.84
MBBS,2,22,Male,3,4,5,3,5,3,1,4,5,4,5,4,5,5,5,5,3,2,4,5,4,5,5,3,5,4.08
MBBS,2,23,Male,5,4,3,4,5,3,5,2,4,5,1,5,2,4,5,1,2,2,1,5,5,4,5,5,3,3.6
MBBS,2,2,Male,5,1,3,1,4,1,3,2,4,2,1,3,3,5,4,3,5,4,5,5,4,2,3,4,2,3.16
MBBS,2,3,Male,3,4,4,5,5,3,1,5,4,5,3,3,1,3,3,5,4,3,5,4,4,2,5,4,1,3.56
MBBS,2,21,Male,3,5,3,5,3,2,4,5,4,3,4,5,2,2,4,3,4,5,4,3,4,2,4,5,2,3.6
MBBS,2,21,Male,3,4,3,2,4,5,3,5,5,5,3,4,3,3,3,5,5,4,5,2,4,2,4,3,4,3.72
MBBS,2,23,Female,5,4,5,3,5,2,5,5,4,5,4,4,2,5,5,2,2,4,4,3,4,4,1,5,4,3.84
MBBS,2,23,Female,3,4,5,6,7,8,9,4,2,1,2,1,2,4,5,3,3,3,1,1,1,5,2,3,3,3.52
MBBS,2,22,Female,1,1,1,3,2,5,2,1,2,1,1,3,1,1,3,4,2,5,2,2,2,1,2,3,5,2.24
MBBS,2,23,Female,5,4,5,3,5,4,5,3,5,1,5,3,5,3,5,4,4,1,5,4,3,2,3,5,4,3.84
MBBS,2,21,Female,4,3,2,5,3,5,4,3,2,4,5,4,3,4,5,3,5,5,4,3,2,2,1,1,3,3.4
MBBS,2,22,Female,3,5,3,5,3,3,3,5,5,4,4,2,3,5,3,5,1,4,2,1,4,2,1,1,1,3.12
MBBS,2,23,Male,1,4,5,3,5,3,5,4,5,3,5,4,4,3,4,4,2,1,5,4,4,2,1,5,3,3.56
MBBS,2,21,Male,4,3,5,3,5,4,1,4,3,5,1,4,5,3,5,2,3,4,2,1,4,2,3,5,4,3.4
MBBS,2,21,Male,3,3,3,1,4,4,5,3,3,3,3,3,5,4,4,4,2,3,5,4,5,2,5,5,4,3.6
MBBS,2,23,Male,4,5,4,1,2,3,5,3,5,5,3,1,3,5,3,3,5,1,4,5,3,4,3,5,3,3.52
MBBS,2,21,Female,5,3,5,3,1,4,5,4,5,3,5,3,5,1,1,5,3,5,3,5,2,5,3,3,5,3.68
MBBS,2,22,Female,3,4,5,3,5,2,4,5,1,4,2,5,5,3,3,5,3,4,1,5,3,5,3,3,3,3.56
MBBS,2,23,Female,3,1,4,1,3,2,4,2,1,3,3,5,3,4,1,3,5,3,5,3,5,3,1,5,3,3.04
MBBS,2,22,Female,4,5,5,3,1,5,4,5,3,2,5,3,1,1,1,5,3,5,3,5,3,1,4,3,4,3.36
MBBS,2,21,Male,3,5,3,2,4,5,4,3,4,5,4,4,5,3,1,2,4,5,4,4,5,5,4,5,4,3.88
MBBS,2,23,Male,3,2,4,5,3,5,5,5,3,3,3,4,5,3,5,2,1,2,1,4,4,5,5,5,1,3.52
MBBS,2,23,Male,4,5,4,3,5,3,5,3,3,5,2,3,3,5,3,2,3,3,4,5,4,2,1,3,4,3.48
MBBS,4,23,Male,5,3,3,3,3,1,5,4,3,4,5,2,1,1,3,3,2,2,1,2,1,1,1,4,4,2.68
MBBS,4,25,Male,3,4,5,4,3,4,3,3,1,4,2,2,3,4,4,4,2,2,3,2,2,2,2,3,5,3.04
ME,4,23,Male,1,3,3,3,5,2,3,4,2,2,4,2,2,4,4,3,2,1,3,3,4,4,2,4,4,2.96
ME,4,22,Male,3,3,3,1,4,3,1,4,3,2,5,3,3,4,2,3,2,2,3,2,2,4,2,3,5,2.88
ME,4,24,Female,5,5,1,5,5,5,5,5,5,5,5,5,5,5,3,5,1,5,1,5,1,5,5,5,5,4.28
ME,3,23,Male,1,1,1,3,4,1,4,4,4,2,5,3,1,3,3,4,3,1,3,3,3,4,3,2,5,2.84
ME,2,23,Male,2,3,4,2,3,3,3,4,2,3,3,2,2,3,3,2,3,2,3,2,4,3,3,5,2,2.84
MPBME,1,18,Male,5,1,1,2,3,5,4,4,2,1,1,2,1,3,4,1,3,1,1,2,2,2,3,2,5,2.44
MPBME,1,23,Male,5,5,4,4,5,3,5,5,4,4,3,4,3,4,3,4,2,4,2,3,2,3,2,3,2,3.52
MPBME,1,23,Male,5,5,4,4,4,4,3,5,4,4,5,4,4,5,4,5,5,3,3,3,5,4,2,4,2,4
MPBME,1,23,Female,5,4,3,4,2,5,3,5,3,4,3,4,3,4,4,3,4,2,4,2,4,2,1,4,2,3.36
MPBME,1,23,Female,5,4,3,4,4,3,2,5,3,4,2,4,2,4,2,2,4,2,3,2,3,2,3,2,2,3.04
MPBME,1,23,Female,5,3,2,3,4,2,2,5,4,4,4,4,3,2,4,2,2,5,3,2,2,3,3,1,2,3.04
MPBME,1,23,Female,5,1,5,1,5,4,1,5,3,2,4,2,4,2,3,1,3,4,1,3,2,3,2,2,4,2.88
MPBME,1,23,Female,5,1,5,4,2,3,1,5,3,2,4,1,3,4,4,1,4,1,4,1,4,1,2,3,1,2.76
MPBME,1,23,Female,4,5,3,1,5,1,4,5,3,4,5,3,4,5,4,5,2,1,3,5,4,3,2,4,5,3.6
MPBME,1,23,Male,4,5,1,5,3,5,1,4,5,2,5,3,5,2,5,2,1,2,1,4,2,1,4,4,5,3.24
MPBME,1,23,Male,2,2,4,5,1,2,2,4,5,1,2,2,4,2,4,2,2,1,2,4,5,1,2,4,2,2.68
MPBME,1,23,Female,2,4,3,4,1,1,1,2,2,2,4,1,1,1,1,2,1,1,2,1,1,2,1,2,4,1.88
MPBME,1,23,Female,3,2,1,1,2,3,4,4,2,2,1,2,4,4,1,1,2,2,1,2,1,1,2,3,2,2.12
MPBME,1,23,Male,3,1,2,1,3,4,4,2,1,1,1,2,2,1,2,3,3,4,2,2,2,2,1,1,3,2.12
MPBME,1,23,Male,4,3,2,1,2,2,3,2,4,1,1,1,3,4,4,4,4,2,1,3,2,4,4,5,2,2.72
MPBME,2,22,Male,5,4,2,5,4,2,4,5,4,3,5,4,1,4,3,2,5,2,3,4,1,3,4,3,5,3.48
MPBME,2,25,Female,3,5,2,4,1,3,1,2,1,3,4,5,2,4,3,5,3,2,2,2,4,3,3,2,2,2.84
MPBME,2,24,Male,3,2,4,1,1,3,3,4,1,1,4,1,5,1,2,1,2,3,2,1,2,3,1,2,4,2.28
MPBME,2,23,Female,4,5,3,4,2,3,1,4,5,3,1,4,2,4,2,4,1,4,1,3,4,1,4,1,2,2.88
MPBME,2,21,Male,3,5,4,5,3,2,1,4,1,2,4,2,4,2,5,1,1,2,3,4,5,1,1,2,3,2.8
MPBME,2,21,Male,5,3,5,3,2,3,5,4,1,2,2,1,5,4,2,1,2,4,4,2,1,1,2,3,5,2.88
MPBME,3,23,Male,4,5,2,1,4,1,5,2,2,4,1,5,2,5,1,3,5,2,1,4,5,2,4,2,4,3.04
MPBME,3,22,Female,2,4,5,3,2,2,3,4,2,4,4,1,2,4,5,4,5,2,3,5,3,5,3,2,1,3.2
MPBME,3,22,Female,2,3,1,1,2,4,5,1,1,2,4,2,1,1,5,5,2,1,1,2,3,2,4,5,2,2.48
MPBME,3,22,Male,4,5,3,5,3,5,2,4,5,3,5,3,5,3,5,1,5,3,5,3,5,4,5,4,5,4
MPBME,3,22,Male,5,2,5,3,5,5,3,5,2,2,4,1,1,2,4,4,2,3,2,4,5,2,1,2,4,3.12
MPBME,3,21,Female,4,5,3,5,1,4,1,4,5,3,5,3,5,2,2,5,2,2,3,4,2,2,3,4,3,3.28
MPBME,3,21,Female,4,3,1,5,2,4,3,5,2,5,2,2,3,5,3,5,6,3,2,3,4,5,2,5,5,3.56
MPBME,3,22,Female,4,5,4,2,3,4,3,5,4,2,3,3,3,3,2,2,2,4,4,5,5,3,3,4,2,3.36
MPBME,4,23,Female,3,3,3,2,1,1,3,1,4,2,2,2,4,4,2,1,1,2,2,1,1,2,2,1,1,2.04
MPBME,4,23,Male,2,4,3,3,3,5,2,4,4,2,3,3,3,2,1,1,1,2,1,1,1,1,2,3,5,2.48
MPBME,4,23,Male,3,1,4,3,4,2,5,3,2,2,1,3,4,4,2,3,1,4,1,2,2,4,4,2,4,2.8
MPBME,4,25,Male,2,4,1,5,2,4,1,3,2,4,2,1,5,3,5,3,2,4,3,5,1,4,2,4,1,2.92
MPBME,4,25,Female,5,3,4,2,4,1,3,4,5,2,4,2,1,4,2,5,2,4,2,4,2,1,4,2,1,2.92
MPBME,4,24,Female,5,3,4,1,3,4,1,2,5,3,5,3,2,1,4,3,4,3,4,5,2,1,1,2,4,3
MPBME,4,24,Male,4,2,4,3,1,5,4,3,4,1,2,4,1,2,4,4,2,1,1,2,2,3,2,1,4,2.64
MPBME,4,24,Female,4,5,3,4,3,2,2,3,2,1,1,4,4,5,3,5,2,1,2,1,4,5,2,4,2,2.96
MPBME,1,18,Male,5,1,4,5,1,5,4,4,2,4,4,2,2,2,4,4,2,2,2,2,2,2,2,4,4,3
P&C,1,21,Male,3,3,4,4,4,5,1,1,1,3,3,5,3,4,2,3,1,5,5,1,4,4,4,3,5,3.24
P&C,1,19,Male,3,5,1,4,5,5,1,4,3,4,1,5,3,5,2,3,2,4,5,5,4,4,4,3,4,3.56
P&C,1,19,Male,4,3,5,3,2,3,3,4,3,2,2,2,4,2,2,5,5,3,2,3,2,1,1,5,3,2.96
P&C,1,19,Female,4,3,3,5,3,4,4,3,2,3,4,3,2,2,2,5,3,3,5,4,4,5,5,5,3,3.56
P&C,1,23,Female,3,1,3,4,5,2,4,4,2,2,4,2,5,3,4,1,2,4,5,4,4,5,5,5,4,3.48
P&C,1,19,Female,3,4,3,2,1,4,3,2,4,4,4,5,2,3,3,3,4,4,2,1,4,2,1,5,4,3.08
P&C,1,21,Female,3,3,2,3,2,5,4,3,4,4,4,3,3,3,3,4,2,1,5,4,4,2,1,5,3,3.2
P&C,1,22,Male,4,1,4,2,3,5,4,2,1,4,4,5,2,4,5,2,3,4,2,1,4,2,3,3,4,3.12
P&C,1,21,Male,2,4,1,4,2,4,1,5,4,4,5,4,4,5,2,4,2,3,5,4,5,2,5,3,4,3.52
P&C,2,22,Male,4,2,4,2,4,4,2,5,3,1,3,2,4,3,1,3,5,1,4,5,3,4,3,4,3,3.16
P&C,2,23,Male,4,2,4,1,3,5,2,3,1,5,2,4,1,5,3,5,3,5,3,5,2,5,3,4,2,3.28
P&C,2,21,Female,5,3,4,5,2,4,4,2,4,3,1,5,3,2,4,4,5,5,3,1,5,4,5,4,5,3.68
P&C,2,22,Female,4,4,1,3,4,3,5,3,4,2,3,5,4,5,2,3,5,3,2,4,5,4,3,3,2,3.44
P&C,3,21,Male,3,4,1,3,4,3,4,4,4,3,4,3,4,4,2,3,2,3,3,3,2,3,4,2,3,3.12
PA,4,24,Female,5,5,5,1,5,2,5,4,2,3,2,2,2,3,2,2,2,4,3,4,2,2,2,4,3,3.04
PA,4,23,Female,5,5,5,5,5,5,5,4,2,4,3,2,2,2,3,3,2,2,3,2,2,4,2,4,4,3.4
PA,4,24,Male,3,3,4,4,4,3,5,4,3,4,5,2,2,4,2,4,1,4,4,4,2,1,2,4,5,3.32
PA,4,21,Male,3,4,1,3,4,5,5,4,4,3,2,5,1,3,4,3,3,5,3,4,3,3,3,5,3,3.44
PA,4,24,Male,1,3,1,3,5,1,4,4,2,5,5,2,1,4,2,3,1,1,3,2,4,3,3,2,4,2.76
PA,4,23,Female,1,3,1,4,5,1,4,4,2,5,5,3,1,2,5,4,2,2,3,4,4,4,2,2,4,3.08
PA,4,23,Female,1,3,1,1,5,1,5,4,3,5,5,3,1,2,4,5,2,1,3,4,2,3,5,5,4,3.12
Pharmacy,1,23,Male,2,1,5,2,1,3,2,2,1,5,4,1,3,1,3,1,3,1,2,4,2,4,5,4,5,2.68
Pharmacy,1,23,Male,2,5,2,1,3,2,4,2,1,1,3,1,4,5,2,3,4,4,1,2,4,5,2,3,3,2.76
Pharmacy,2,22,Female,5,4,2,1,5,4,2,5,4,1,2,2,2,4,4,5,4,3,2,2,1,4,4,3,4,3.16
Pharmacy,3,24,Male,4,3,5,4,4,4,4,3,4,4,4,5,5,4,4,4,4,3,2,3,4,5,4,4,3,3.88
Pharmacy,4,22,Male,3,4,5,4,5,5,5,3,4,3,4,1,2,3,4,5,3,2,5,4,1,4,2,3,4,3.52
Pharmacy,1,21,Male,3,5,5,4,5,3,5,5,4,4,2,4,4,5,3,5,5,4,4,4,2,3,2,4,5,3.96
Physics,3,24,Male,3,3,1,2,5,5,2,4,4,5,5,2,1,3,3,4,2,2,3,3,2,3,3,5,2,3.08
Physio,1,23,Female,5,4,2,4,2,1,5,5,3,2,4,3,2,3,3,4,2,1,1,4,2,5,3,5,2,3.08
Physio,1,23,Male,1,3,2,4,1,2,5,4,1,5,3,2,4,1,5,5,1,2,4,5,3,3,5,3,1,3
Physio,1,23,Female,5,4,5,4,3,4,1,2,5,3,4,2,3,1,5,3,2,5,3,4,1,5,3,2,5,3.36
Physio,1,23,Male,2,1,3,4,5,3,1,2,5,4,2,3,5,4,1,3,5,3,2,5,3,2,4,2,1,3
Physio,1,19,Male,4,3,4,2,3,1,2,4,2,5,2,4,3,5,1,5,4,1,4,2,5,3,1,5,4,3.16
Physio,1,23,Male,5,4,3,4,2,3,1,2,5,2,4,1,5,3,1,4,5,2,5,3,1,5,1,3,5,3.16
Physio,1,21,Female,5,4,2,3,1,1,3,3,4,2,4,3,1,2,5,3,1,2,3,4,5,3,3,4,2,2.92
Physio,1,22,Female,2,4,1,5,2,4,1,1,3,5,2,4,1,3,5,1,3,5,2,4,1,3,5,1,3,2.84
Physio,1,21,Male,5,1,3,2,1,5,4,4,5,3,1,4,1,2,3,1,4,1,3,5,1,2,3,2,4,2.8
Physio,1,24,Female,3,5,4,2,1,3,1,3,4,2,3,2,4,1,3,4,3,2,3,5,1,3,2,5,1,2.8
Physio,1,22,Male,4,3,5,3,2,3,1,5,3,1,5,3,1,4,3,5,2,1,4,3,1,5,3,1,5,3.04
Physio,1,23,Male,4,3,4,5,3,2,1,5,5,3,1,5,2,3,4,1,5,3,2,5,1,3,5,2,1,3.12
Physio,1,22,Male,2,3,4,5,4,3,2,3,3,4,5,2,4,3,3,3,3,3,2,2,2,2,3,3,3,3.04
Physio,1,24,Female,5,2,4,2,4,1,3,3,5,2,4,1,3,5,2,4,1,5,2,4,1,5,2,3,1,2.96
Physio,1,23,Male,5,3,1,4,2,4,1,4,2,5,2,4,1,3,5,2,4,1,5,2,4,1,3,1,5,2.96
Physio,1,22,Male,4,5,3,5,3,5,3,4,1,5,3,5,2,5,3,5,1,3,5,3,5,4,3,2,4,3.64
Physio,2,21,Female,3,3,2,1,4,5,4,5,4,5,3,4,2,3,4,3,2,4,5,3,5,5,5,3,1,3.52
Physio,2,22,Female,5,4,3,5,2,3,4,3,5,3,2,4,2,5,5,4,5,5,1,1,2,2,3,4,2,3.36
Physio,2,23,Female,4,3,3,3,2,3,2,5,4,3,4,4,4,2,5,5,4,4,3,1,4,4,5,5,3,3.56
Physio,2,24,Female,4,2,4,1,4,2,3,5,4,2,1,4,4,4,2,1,2,1,5,4,3,5,5,5,4,3.24
Physio,2,23,Female,4,5,2,4,1,4,2,4,1,5,4,4,5,5,5,4,4,5,3,2,5,4,1,5,3,3.64
Physio,2,24,Female,3,2,4,2,4,2,4,4,2,5,3,1,3,3,5,4,2,5,1,5,3,5,5,4,4,3.4
Physio,2,21,Female,3,1,4,2,4,1,3,5,2,3,1,5,2,4,4,2,4,3,1,5,3,2,4,4,4,3.04
Physio,2,22,Female,4,2,5,3,4,5,2,4,4,2,4,3,1,3,5,3,4,2,3,5,4,5,2,4,4,3.48
Physio,2,23,Female,5,3,4,4,1,3,4,3,5,3,4,2,3,5,4,5,4,5,3,4,2,3,4,5,5,3.72
Physio,2,22,Male,5,4,3,3,2,1,4,5,4,5,4,5,3,3,4,3,5,3,2,4,2,5,4,4,5,3.68
Physio,2,24,Male,5,3,5,4,3,5,2,3,4,3,5,3,2,4,2,4,4,2,5,4,2,4,5,5,2,3.6
Physio,2,22,Male,4,2,4,1,3,2,3,4,2,4,4,2,5,4,5,4,5,1,4,4,2,4,3,3,3,3.28
Physio,2,22,Male,4,5,4,3,5,1,4,4,5,4,5,1,4,4,2,3,4,1,5,4,4,1,5,3,1,3.44
Physio,2,23,Male,3,2,4,1,3,4,1,4,2,3,4,1,5,5,4,4,3,4,2,3,5,1,5,5,2,3.2
Physio,2,23,Male,4,2,5,2,4,4,5,3,1,4,3,5,3,1,4,5,3,5,3,5,2,5,1,4,3,3.44
Physio,2,22,Male,5,3,4,2,3,4,5,5,3,2,1,3,4,3,3,5,4,4,5,5,3,5,2,4,2,3.56
Physio,2,24,Male,5,3,5,4,3,5,4,3,4,3,5,4,4,3,1,3,5,3,5,4,4,4,3,1,2,3.6
Physio,2,23,Male,5,3,1,5,4,4,3,5,4,1,4,4,1,5,3,5,1,1,3,5,3,3,4,3,1,3.24
Physio,2,22,Male,5,3,4,2,4,1,3,5,4,3,2,1,3,3,5,3,4,1,5,3,4,2,5,3,5,3.32
Physio,2,23,Male,4,5,3,5,3,5,2,3,5,3,5,2,5,3,1,1,1,3,1,5,5,1,4,4,3,3.28
Physio,2,21,Male,5,3,5,3,5,2,5,5,4,5,3,5,3,4,5,3,1,4,5,3,5,2,5,2,3,3.8
Physio,2,21,Male,5,4,5,5,4,5,1,5,3,1,4,2,4,4,5,5,2,2,1,2,3,1,1,4,4,3.28
Physio,2,22,Male,4,5,4,5,2,5,3,4,5,2,5,3,5,5,5,4,5,5,1,1,2,2,3,4,5,3.76
Physio,2,23,Male,5,1,2,3,4,3,1,3,2,3,4,5,4,4,3,3,2,1,1,2,3,4,5,5,4,3.08
Physio,2,22,Male,3,4,2,2,1,3,5,3,3,5,5,1,2,4,3,2,1,2,3,4,5,4,3,2,1,2.92
Physio,2,23,Male,5,4,2,1,3,1,1,5,4,5,3,4,3,3,4,3,2,2,3,4,5,5,4,3,3,3.28
Physio,2,22,Male,3,4,5,3,1,5,2,3,3,4,5,5,4,3,2,1,1,2,3,4,5,5,4,3,2,3.28
Physio,2,24,Male,4,5,2,3,1,2,1,4,3,2,1,2,3,4,3,2,4,2,3,4,5,4,3,2,1,2.8
Physio,2,23,Male,1,3,2,5,3,2,1,4,5,3,4,3,2,3,2,3,2,2,1,2,3,3,2,3,5,2.76
Physio,2,22,Male,5,4,1,3,2,1,1,5,4,3,2,1,2,3,3,3,4,5,4,3,2,1,2,3,4,2.84
Physio,2,25,Female,4,2,5,3,1,4,2,3,5,2,4,1,3,5,2,4,1,3,5,2,4,2,4,2,5,3.12
Physio,2,24,Female,4,2,3,1,2,5,1,2,5,3,2,5,3,2,1,2,3,4,5,4,3,2,1,2,3,2.8
Physio,2,24,Female,5,1,3,1,4,2,5,2,1,3,4,5,3,2,1,2,3,4,5,4,3,2,1,2,3,2.84
Physio,2,25,Female,5,1,4,2,3,1,1,4,3,2,1,2,3,4,5,4,3,2,1,2,3,4,5,4,3,2.88
Physio,2,24,Male,5,1,4,3,1,5,1,5,5,4,3,2,3,2,4,1,1,5,3,2,4,1,4,5,1,3
Physio,2,24,Male,5,1,3,4,2,1,1,2,1,2,3,4,3,2,4,3,2,1,2,3,4,5,4,3,2,2.68
Physio,2,23,Male,1,3,2,4,1,5,2,4,3,2,1,2,3,4,3,2,1,2,3,4,5,4,3,2,1,2.68
Physio,2,23,Male,5,4,3,1,1,4,2,4,5,3,3,2,4,3,2,1,2,3,4,5,3,2,1,2,3,2.88
Physio,2,24,Male,4,5,2,3,1,1,5,5,5,4,4,3,3,2,2,1,1,2,5,4,3,3,2,3,1,2.96
Physio,2,22,Male,4,5,3,1,5,3,5,4,3,5,3,5,2,2,5,5,4,4,3,1,4,4,5,3,5,3.72
Physio,2,21,Male,3,3,5,5,3,3,1,5,5,3,4,4,3,4,2,1,2,1,5,4,3,5,5,1,3,3.32
Physio,2,23,Male,5,3,1,5,5,4,2,5,4,4,4,5,5,5,5,4,4,5,3,2,5,4,1,3,5,3.92
Physio,2,23,Male,5,3,4,5,5,1,5,5,4,3,2,5,1,3,5,4,2,5,1,5,3,5,5,5,5,3.84
Physio,2,21,Male,3,4,3,5,5,2,1,5,5,5,4,5,5,4,4,2,4,3,1,5,3,2,4,5,3,3.68
Physio,2,22,Female,5,5,3,2,1,5,4,5,5,5,2,2,2,3,5,2,5,3,5,1,1,4,5,3,1,3.36
Physio,2,21,Female,5,5,3,2,5,4,4,5,3,5,4,3,4,5,4,2,3,1,4,1,5,3,4,3,5,3.68
Physio,2,23,Female,5,2,3,4,5,5,4,1,2,4,5,3,1,5,2,3,1,1,5,4,4,5,3,4,4,3.4
Physio,2,21,Female,3,3,4,5,3,5,3,1,4,5,4,5,3,4,4,1,3,3,5,4,5,1,5,3,5,3.64
Physio,2,23,Female,5,4,3,2,5,3,7,2,4,4,1,3,3,4,5,1,4,5,1,5,1,5,4,5,4,3.6
Physio,2,24,Female,1,1,1,1,1,3,2,5,2,1,2,1,1,1,5,4,5,4,4,4,5,5,5,5,2,2.84
Physio,2,25,Female,5,3,5,4,5,3,5,4,5,3,5,1,5,5,5,5,5,3,1,4,2,4,5,4,4,4
Physio,2,22,Female,5,4,4,3,2,5,3,5,4,3,2,4,5,4,5,4,4,4,5,1,1,5,5,4,5,3.84
Physio,2,23,Female,5,4,3,5,3,5,3,3,3,5,5,4,4,5,5,4,4,4,3,3,5,5,4,1,5,4
Physio,3,24,Female,1,3,4,2,5,3,1,4,5,4,3,2,1,2,3,2,1,2,3,4,5,4,3,2,1,2.8
Physio,3,23,Female,1,5,3,1,4,2,1,3,2,3,4,3,4,3,2,3,4,3,2,1,2,3,4,5,4,2.88
Physio,3,25,Male,5,3,2,4,1,5,1,3,1,1,2,2,3,5,4,3,2,1,2,3,4,5,4,3,2,2.84
Physio,3,24,Male,5,3,2,4,2,1,1,3,4,5,4,3,2,1,2,3,4,5,4,3,2,1,2,3,4,2.92
Physio,3,25,Male,4,5,3,1,2,4,1,5,4,3,2,1,2,3,4,5,4,3,2,1,2,3,4,5,4,3.08
Physio,3,25,Female,1,4,3,5,2,4,1,3,2,1,2,3,4,3,3,2,3,2,3,4,5,4,3,2,1,2.8
Physio,3,24,Female,5,3,1,4,5,3,5,3,5,4,5,3,5,4,5,4,5,4,3,1,2,1,2,5,5,3.68
Physio,3,22,Male,3,5,4,3,5,3,5,4,1,4,3,5,1,5,4,4,5,5,4,1,4,5,5,4,5,3.88
Physio,3,23,Male,3,3,3,3,3,1,4,4,5,3,3,3,3,2,1,4,4,5,4,2,3,5,1,5,5,3.28
Physio,3,21,Male,5,3,4,5,4,1,2,3,5,3,5,5,3,5,4,5,4,4,4,5,5,4,5,4,5,4.08
Physio,3,21,Male,3,4,5,3,5,3,1,4,5,4,5,3,5,3,1,1,1,1,3,3,3,3,1,5,4,3.16
Physio,3,22,Male,5,4,3,4,5,3,5,2,4,5,1,4,2,1,2,4,5,3,1,5,2,3,1,2,1,3.08
Physio,3,23,Male,5,1,3,1,4,1,3,2,4,2,1,3,3,1,4,5,4,5,3,4,4,1,3,5,4,3.04
Physio,3,23,Male,4,2,5,1,3,5,1,2,4,1,5,1,3,5,2,4,1,5,2,4,2,3,1,5,2,2.92
Physio,3,24,Female,3,5,2,4,3,1,4,2,4,2,5,2,4,2,5,4,1,3,5,1,3,2,4,2,5,3.12
Physio,3,24,Female,2,4,1,5,2,4,1,3,5,2,3,1,4,2,5,1,4,2,3,1,4,2,5,1,3,2.8
Physio,3,23,Male,3,4,4,5,5,3,1,5,4,5,3,2,5,2,4,4,1,3,3,4,5,1,4,3,1,3.36
Physio,4,23,Female,3,5,3,5,3,2,4,5,4,3,4,5,4,5,2,1,2,1,1,1,5,4,5,1,2,3.2
Physio,4,23,Female,4,2,4,1,3,2,3,4,2,4,4,2,5,4,5,3,5,1,5,5,5,5,5,1,4,3.52
Physio,4,24,Female,4,5,4,3,5,1,4,4,5,4,5,1,5,3,5,1,1,2,4,5,4,4,5,5,4,3.72
Physio,4,23,Female,3,2,4,1,3,4,1,4,2,3,4,1,2,5,5,3,3,2,1,2,1,4,4,5,5,2.96
Physio,4,22,Female,4,2,5,2,4,4,5,3,1,4,3,5,3,5,3,4,1,2,3,3,4,5,4,2,1,3.28
Physio,4,23,Female,5,3,4,2,3,4,5,5,3,2,1,3,5,3,1,1,1,3,1,5,5,1,4,4,4,3.12
Physio,4,24,Female,5,3,5,4,3,5,4,3,4,3,5,4,4,4,5,3,1,3,3,3,3,3,3,3,3,3.56
Physio,4,25,Male,5,3,1,5,4,4,3,5,4,1,4,4,4,4,5,5,2,2,1,2,3,1,1,5,4,3.28
Physio,4,23,Male,5,3,4,2,4,1,3,5,4,3,2,1,5,5,5,4,5,5,1,1,2,2,3,5,5,3.4
Physio,4,24,Male,4,5,3,5,3,5,2,3,5,3,5,2,5,2,5,5,4,4,3,1,4,4,5,5,5,3.88
Physio,4,23,Male,5,3,5,3,5,2,5,5,4,5,3,5,4,4,2,1,2,1,5,4,3,5,5,4,5,3.8
Physio,4,24,Male,5,4,5,5,4,5,1,5,3,1,4,2,5,5,5,4,4,5,3,2,5,4,1,5,4,3.84
Physio,4,22,Male,4,5,4,5,2,5,3,4,5,2,5,3,5,3,5,4,2,5,1,5,3,5,5,4,5,3.96
Physio,4,23,Female,4,5,3,1,5,3,5,4,3,5,3,5,1,4,4,2,4,3,1,5,3,2,4,3,5,3.48
Physio,4,24,Female,3,3,5,5,3,3,1,5,5,3,4,4,3,3,5,3,4,2,3,5,4,5,2,1,3,3.48
Physio,4,23,Female,5,3,1,5,5,4,2,5,4,4,4,5,3,5,4,5,4,5,3,4,2,3,4,3,5,3.88
Physio,4,24,Female,5,3,4,5,5,1,5,5,4,3,2,5,1,3,4,3,5,3,2,4,2,5,4,5,5,3.72
Physio,4,24,Female,3,4,3,5,5,2,1,5,5,5,4,5,5,4,2,4,4,2,5,4,2,4,5,5,3,3.84
Physio,4,24,Female,5,5,3,2,1,5,4,5,5,5,2,2,5,4,5,4,5,1,4,4,2,4,3,3,1,3.56
Physio,4,23,Female,5,5,3,2,5,4,4,5,3,5,4,3,4,4,2,3,4,1,5,4,4,1,5,4,5,3.76
Physio,4,24,Female,5,2,3,4,5,5,4,1,2,4,5,3,5,5,4,4,3,4,2,3,5,1,5,2,3,3.56
Physio,2,19,Male,1,1,5,5,3,1,3,4,3,4,2,2,2,1,3,4,2,2,2,2,2,4,3,5,4,2.8
Physio,3,23,Male,5,1,1,3,5,4,4,3,2,4,4,1,1,3,3,1,1,1,2,3,4,4,4,4,4,2.88
Psychology,2,21,Female,3,3,3,3,4,1,4,5,4,5,4,2,3,2,3,4,2,2,4,4,2,4,1,4,5,3.24
Psychology,2,23,Female,2,2,5,1,5,4,5,4,3,4,4,3,5,3,2,2,2,1,2,2,2,2,3,4,4,3.04
Psychology,1,21,Female,5,5,5,5,5,3,5,5,5,5,5,5,4,3,4,4,3,4,5,3,5,5,2,5,5,4.4
Psychology,1,23,Female,3,4,2,2,2,2,3,3,3,2,1,2,2,1,4,2,2,2,2,2,2,2,4,4,2,2.4
Statistics,4,23,Male,1,3,4,5,2,1,5,5,3,4,5,2,1,3,3,4,2,2,3,2,4,3,1,3,5,3.04
Statistics,3,21,Female,3,1,3,5,5,1,5,5,2,3,2,3,1,2,1,4,3,1,1,1,2,2,2,3,5,2.64
Statistics,3,21,Female,3,1,1,5,5,5,5,5,4,5,3,5,4,2,3,4,3,4,4,4,3,3,2,5,5,3.72
Statistics,3,23,Male,5,3,1,2,4,2,1,5,5,1,1,5,3,4,1,5,2,3,5,3,3,1,1,3,4,2.92
Statistics,3,22,Female,1,1,3,3,4,1,5,3,4,4,4,2,2,2,3,3,1,4,1,3,4,5,3,3,4,2.92
Statistics,3,22,Female,3,4,5,1,5,1,3,4,4,3,2,3,4,3,2,4,2,2,2,4,2,2,2,4,5,3.04
Statistics,4,21,Male,1,5,1,4,5,1,5,5,5,5,5,5,4,5,5,3,3,5,3,5,2,3,4,4,5,3.92
Statistics,4,23,Female,4,5,1,5,4,2,4,4,5,4,4,2,5,2,5,5,2,3,4,5,4,4,2,4,2,3.64
VET,1,21,Female,5,5,3,2,1,5,4,5,5,5,2,2,2,1,1,5,5,3,2,4,5,5,4,4,4,3.56
VET,1,19,Male,5,5,3,2,5,4,4,5,3,5,4,3,4,1,4,4,5,5,5,3,2,3,2,1,1,3.52
VET,1,23,Female,5,2,3,4,5,5,4,1,2,4,5,3,1,5,5,5,4,5,3,3,5,4,4,5,5,3.88
VET,1,19,Female,3,3,4,5,3,5,3,1,4,5,4,5,3,5,3,5,1,1,2,4,5,4,4,5,5,3.68
VET,1,23,Female,5,4,3,2,5,3,7,2,4,4,1,3,3,3,3,2,5,3,4,4,2,1,4,2,1,3.2
VET,1,21,Female,1,1,1,1,1,3,2,5,2,1,2,1,1,3,1,1,3,4,2,1,5,4,4,2,1,2.12
VET,1,23,Female,5,3,5,4,5,3,5,4,5,3,5,1,5,3,5,3,5,2,3,4,2,1,4,2,3,3.6
VET,1,21,Female,5,4,4,3,2,5,3,5,4,3,2,4,5,4,3,4,5,4,2,3,5,4,5,2,5,3.8
VET,1,19,Male,5,4,3,5,3,5,3,3,3,5,5,4,4,2,3,5,3,3,5,1,4,5,3,4,3,3.72
VET,1,21,Male,5,3,1,4,5,3,5,3,5,4,5,3,5,4,4,3,4,5,3,5,3,5,2,5,3,3.88
VET,1,21,Male,3,5,4,3,5,3,5,4,1,4,3,5,1,4,5,3,5,5,3,4,1,5,3,5,3,3.68
VET,1,22,Male,3,3,3,3,3,1,4,4,5,3,3,3,3,3,5,4,4,3,5,3,5,3,5,3,1,3.4
VET,1,21,Male,5,3,4,5,4,1,2,3,5,3,5,5,3,1,3,5,3,5,3,5,3,5,3,1,4,3.56
VET,1,23,Male,3,4,5,3,5,3,1,4,5,4,5,3,5,3,5,1,1,2,4,5,4,4,5,5,4,3.72
VET,1,23,Male,5,4,3,4,5,3,5,2,4,5,1,4,2,5,5,3,3,2,1,2,1,4,4,5,5,3.48
VET,1,19,Male,5,1,3,1,4,1,3,2,4,2,1,3,3,5,3,4,1,2,3,3,4,5,4,2,1,2.8
VET,1,19,Male,3,4,4,5,5,3,1,5,4,5,3,2,5,3,1,1,1,3,1,5,5,1,4,4,4,3.28
VET,1,23,Male,3,5,3,5,3,2,4,5,4,3,4,5,4,4,5,3,1,3,3,3,3,3,3,3,3,3.48
VET,1,19,Female,1,1,5,5,3,5,5,4,5,4,5,4,4,4,5,5,2,2,1,2,3,1,1,5,4,3.44
VET,1,19,Male,5,5,2,1,3,4,5,4,5,4,3,4,5,5,5,4,5,5,1,1,2,2,3,5,5,3.72
VET,1,19,Male,3,4,4,5,4,5,5,5,4,3,4,2,5,2,5,5,4,4,3,1,4,4,5,5,5,4
VET,1,19,Male,5,4,5,3,2,3,5,5,5,3,4,4,4,4,2,1,2,1,5,4,3,5,5,4,5,3.72
VET,1,23,Female,5,4,5,3,5,4,5,5,1,1,3,2,5,5,5,4,4,5,3,2,5,4,1,5,4,3.8
VET,1,21,Female,5,3,5,2,5,1,4,5,5,4,4,3,5,3,5,4,2,5,1,5,3,5,5,4,5,3.92
VET,1,23,Female,5,2,3,4,5,5,4,1,2,4,5,3,1,4,4,2,4,3,1,5,3,2,4,3,5,3.36
VET,1,22,Female,3,3,4,5,3,5,3,1,4,5,4,5,3,3,5,3,4,2,3,5,4,5,2,1,3,3.52
VET,1,21,Female,5,4,3,2,5,3,7,2,4,4,1,3,3,5,4,5,4,5,3,4,2,3,4,3,5,3.72
VET,1,19,Female,1,1,1,1,1,3,2,5,2,1,2,1,1,3,4,3,5,3,2,4,2,5,4,5,5,2.68
VET,1,23,Male,5,3,5,4,5,3,5,4,5,3,5,1,5,4,2,4,4,2,5,4,2,4,5,5,3,3.88
VET,1,23,Male,5,4,4,3,2,5,3,5,4,3,2,4,5,4,5,4,5,1,4,4,2,4,3,3,1,3.56
VET,1,24,Male,5,4,3,5,3,5,3,3,3,5,5,4,4,4,2,3,4,1,5,4,4,1,5,4,5,3.76
VET,1,25,Male,5,3,1,4,5,3,5,3,5,4,5,3,5,5,4,4,3,4,2,3,5,1,5,2,3,3.68
VET,1,21,Male,3,5,4,3,5,3,5,4,1,4,3,5,1,1,4,5,3,5,3,5,2,5,1,1,5,3.44
VET,1,23,Male,3,3,3,3,3,1,4,4,5,3,3,3,3,3,3,5,4,4,5,5,3,5,2,4,3,3.48
VET,1,22,Female,5,3,4,5,4,1,2,3,5,3,5,5,3,3,1,3,5,3,5,4,4,4,3,2,3,3.52
VET,1,24,Male,5,3,5,3,5,3,1,4,3,3,2,4,4,5,3,5,1,1,3,5,3,3,4,5,2,3.4
VET,1,22,Female,5,4,5,1,5,3,5,5,2,5,3,5,4,3,5,3,4,1,5,3,4,2,5,4,1,3.68
VET,1,23,Male,5,4,4,1,4,4,3,4,3,4,5,3,3,2,4,3,4,3,1,2,4,4,3,5,5,3.48
VET,1,19,Male,5,4,4,3,4,4,3,4,3,4,5,3,3,2,4,3,4,3,3,2,4,4,3,5,4,3.6
VET,1,21,Male,5,1,5,1,1,2,1,1,1,1,1,4,1,1,1,3,3,1,1,2,2,2,1,3,1,1.84
VET,1,19,Male,5,5,1,4,2,4,3,4,3,4,3,3,1,3,2,3,3,3,4,4,4,3,4,4,5,3.36
VET,1,23,Male,5,2,1,5,4,5,3,5,4,5,5,2,1,1,4,4,1,4,1,4,2,1,4,5,4,3.28
VET,1,19,Male,5,4,5,5,4,5,3,5,4,5,5,2,1,3,4,1,4,1,4,2,2,1,4,5,4,3.52
VET,1,23,Male,5,4,1,4,2,4,3,4,3,4,3,3,1,3,2,3,3,3,4,4,4,3,4,4,5,3.32
VET,2,21,Male,5,4,3,5,3,5,3,3,3,5,5,4,5,3,1,1,1,3,1,5,5,1,4,4,4,3.44
VET,2,23,Male,5,3,1,4,5,3,5,3,5,4,5,3,4,4,5,3,1,4,5,3,5,2,5,5,5,3.88
VET,2,23,Male,3,5,4,3,5,3,5,4,1,4,3,5,4,4,5,5,2,2,1,2,3,1,1,5,4,3.36
VET,2,21,Male,3,3,3,3,3,1,4,4,5,3,3,3,5,5,5,4,5,5,1,1,2,2,3,5,5,3.44
VET,2,23,Male,5,3,4,5,4,1,2,3,5,3,5,5,5,2,5,5,4,4,3,1,4,4,5,5,5,3.88
VET,2,22,Male,3,4,5,3,5,3,1,4,5,4,5,3,4,4,2,1,2,1,5,4,3,5,5,4,5,3.6
VET,2,23,Female,5,4,3,4,5,3,5,2,4,5,1,4,5,5,5,4,4,5,3,2,5,4,1,5,4,3.88
VET,2,21,Female,5,1,3,1,4,1,3,2,4,2,1,3,5,3,5,4,2,5,1,5,3,5,5,4,5,3.28
VET,2,23,Female,4,0,3,2,4,3,5,4,1,5,3,5,1,4,4,2,4,3,1,5,3,2,4,3,5,3.2
VET,2,19,Male,4,5,3,1,4,5,1,3,5,3,5,4,5,3,5,2,5,3,5,1,1,4,5,2,4,3.52
VET,2,19,Male,4,5,3,4,2,5,1,5,3,5,4,5,1,5,4,2,3,1,4,1,5,3,4,5,1,3.4
VET,2,23,Male,5,4,3,5,5,4,5,5,4,1,5,2,3,5,2,3,1,1,5,4,4,5,3,4,4,3.68
VET,2,23,Male,3,3,2,4,3,4,1,5,4,3,2,5,1,4,4,1,3,3,5,4,5,1,5,3,1,3.16
VET,2,23,Female,5,4,3,2,5,5,4,5,1,1,2,2,5,4,5,1,4,5,1,5,1,5,4,4,1,3.36
VET,2,23,Female,1,1,5,4,5,3,5,5,5,4,5,3,1,1,5,4,5,4,4,4,5,5,5,4,5,3.92
VET,2,22,Female,2,4,2,4,5,5,5,5,3,2,4,5,4,5,5,5,5,3,1,4,2,4,5,5,1,3.8
VET,2,23,Female,5,2,5,3,5,4,5,1,2,2,1,5,5,4,5,4,4,4,5,1,1,5,5,4,4,3.64
VET,2,19,Female,5,5,4,3,5,4,5,5,5,2,3,2,1,5,5,4,4,4,3,3,5,5,4,5,4,4
VET,2,24,Female,3,3,5,5,4,5,1,3,5,3,2,4,5,4,5,4,5,4,3,1,2,1,2,5,5,3.56
VET,2,21,Male,5,5,3,5,1,5,2,4,2,4,2,4,5,5,4,4,5,5,4,1,4,5,5,4,5,3.92
VET,2,19,Male,5,4,5,3,5,4,3,5,4,5,4,3,1,3,2,1,2,3,2,1,3,2,4,3,1,3.12
VET,2,19,Male,5,4,5,4,3,4,1,5,4,3,4,3,4,3,4,2,1,4,3,5,4,2,3,3,5,3.52
VET,2,23,Male,5,4,5,4,5,4,3,5,5,4,5,3,2,1,3,4,3,2,1,3,2,3,4,5,1,3.44
VET,2,23,Female,5,4,5,4,5,4,1,5,4,5,4,5,4,4,3,2,1,3,2,1,3,4,3,2,5,3.52
VET,2,19,Female,5,5,4,3,2,1,4,5,4,5,4,5,4,3,2,4,3,4,3,4,5,3,4,3,5,3.76
VET,2,23,Male,5,4,4,4,5,1,3,1,2,4,4,4,2,1,2,1,1,2,1,1,2,1,2,5,3,2.6
VET,1,21,Female,4,5,2,3,3,2,4,3,2,3,2,4,2,2,1,2,2,2,3,2,2,3,4,3,5,2.8
AET,3,22,Male,3,3,3,3,5,3,5,4,4,5,4,3,4,3,3,3,2,2,3,3,3,5,4,4,4,3.52
AET,3,22,Male,1,1,1,5,5,5,5,5,5,5,5,5,5,5,1,5,5,5,5,5,1,5,5,5,5,4.2
AET,3,22,Male,4,4,5,4,5,3,5,5,5,3,4,4,3,5,5,5,2,3,5,4,4,4,4,3,4,4.08
AET,3,21,Male,3,3,5,5,5,4,5,5,4,3,4,4,5,2,3,4,2,4,3,5,3,5,2,3,4,3.8
AET,3,20,Male,1,3,1,4,4,2,3,4,3,2,2,2,2,1,2,3,2,2,2,1,2,2,3,2,2,2.28
Agriculture,4,22,Male,3,2,2,3,2,3,3,3,4,4,2,3,4,3,4,5,3,4,2,3,4,4,4,4,5,3.32
Agriculture,2,21,Male,4,4,3,4,3,4,3,4,4,2,2,2,3,3,2,2,2,3,4,4,3,2,4,3,4,3.12
Agriculture,4,28,Male,3,4,3,2,5,3,5,4,4,5,2,4,2,4,4,4,2,4,3,2,4,2,2,5,4,3.44
Agriculture,4,23,Male,3,3,5,5,3,3,5,3,4,5,4,5,5,3,3,5,4,5,3,4,5,5,4,4,4,4.08
Agriculture,4,22,Male,4,3,4,4,3,3,5,5,4,5,5,3,4,4,3,4,3,3,4,4,4,4,3,4,5,3.88
Agriculture,4,21,Male,3,3,5,3,3,2,5,4,3,5,5,5,5,5,4,2,3,5,5,4,5,5,3,5,5,4.08
Agriculture,3,20,Male,4,3,3,3,2,2,4,4,4,5,5,4,4,4,5,3,4,3,5,4,5,4,4,4,5,3.88
Agriculture,2,20,Male,3,2,4,3,1,2,2,4,4,4,5,4,4,4,3,4,2,3,4,4,4,4,3,4,4,3.4
Agriculture,4,22,Male,1,3,5,3,4,1,3,1,1,3,2,2,1,1,1,4,1,3,1,1,5,1,1,3,2,2.16
Agriculture,4,23,Male,2,3,3,3,4,4,4,4,3,5,5,2,4,5,3,5,5,4,3,3,2,2,3,5,4,3.6
Agriculture,4,23,Male,4,5,5,3,3,3,2,4,2,3,4,3,4,5,3,4,2,2,5,3,4,3,3,4,4,3.48
Agriculture,4,21,Male,2,2,2,4,4,4,4,4,4,2,2,4,4,2,3,4,4,2,4,2,4,2,2,4,4,3.16
Agriculture,4,22,Male,3,4,3,3,5,3,3,5,3,3,3,3,3,3,2,5,1,3,3,4,3,5,2,3,4,3.28
Agriculture,4,23,Male,2,3,5,2,1,1,3,4,4,3,4,4,4,4,4,4,2,4,2,4,4,3,3,3,1,3.12
Agriculture,4,23,Male,5,4,4,5,5,5,5,4,4,4,4,4,4,4,4,4,4,4,4,4,3,3,4,5,5,4.2
Agriculture,4,21,Male,3,5,1,5,5,4,5,2,2,4,3,1,2,4,2,4,4,1,4,3,4,2,5,4,5,3.36
Agriculture,4,21,Female,3,2,1,3,4,5,5,5,5,5,4,4,3,2,5,5,5,4,2,3,5,3,4,5,5,3.88
Agriculture,4,22,Male,3,4,1,2,5,3,5,4,3,3,1,2,3,2,4,4,1,2,3,3,5,2,3,5,5,3.12
Animal Husbandry,4,24,Male,2,3,3,4,3,4,3,3,3,3,2,3,3,4,2,4,3,3,4,3,2,3,2,3,3,3
Animal Husbandry,4,22,Male,3,2,2,3,3,3,2,2,3,2,2,3,3,4,2,4,3,2,3,3,2,4,3,3,3,2.76
Animal Husbandry,3,21,Male,2,3,3,3,4,3,5,2,2,3,4,4,3,4,2,2,4,4,4,3,3,3,2,4,4,3.2
Animal Husbandry,4,23,Male,3,3,3,3,3,4,3,4,4,4,4,4,4,3,4,4,3,3,4,3,3,4,4,4,4,3.56
BBA,3,22,Male,3,4,3,4,3,4,5,5,4,5,4,4,5,5,4,4,5,5,4,5,5,5,4,4,5,4.32
BBA,3,24,Male,3,3,3,3,3,4,4,3,4,5,5,3,5,4,5,3,3,3,3,3,3,3,1,1,3,3.32
BFA,3,21,Female,2,3,3,1,3,3,2,4,5,4,3,4,3,3,2,5,3,5,3,3,3,3,3,4,4,3.24
Biotechnology,2,23,Male,3,5,3,5,5,1,5,5,5,4,3,5,5,5,5,5,5,3,5,5,4,5,4,5,5,4.4
Botany,4,24,Male,3,2,3,3,3,3,3,3,3,4,3,2,3,4,3,3,2,2,3,3,3,3,3,3,3,2.92
BUSINESS MANAGEMENT ,4,32,Male,5,4,3,4,3,3,4,5,5,4,5,3,3,3,4,4,4,4,4,3,3,3,3,4,4,3.76
CSE,1,19,Male,3,2,4,2,5,3,3,3,3,3,3,1,4,2,2,4,2,2,3,2,2,3,2,2,4,2.76
CSE,1,20,Male,2,2,3,3,2,4,4,5,5,5,5,5,4,3,3,5,5,4,2,2,5,5,5,5,5,3.92
CSE,1,19,Female,3,2,2,2,3,2,4,4,3,3,3,2,3,2,2,3,2,2,3,2,2,2,2,4,4,2.64
CSE,1,19,Female,3,3,3,3,2,3,4,3,3,2,4,2,4,3,3,3,2,3,3,3,3,3,3,4,3,3
CSE,4,26,Male,3,2,4,5,5,2,5,5,4,3,5,4,4,4,4,4,5,3,4,4,5,3,3,5,5,4
CSE,3,22,Male,3,3,3,3,3,3,3,3,3,3,3,3,3,3,3,3,3,3,3,3,3,3,3,3,3,3
CSE,4,24,Male,3,5,5,4,5,3,5,5,5,4,5,4,4,5,4,4,3,4,5,3,4,4,3,4,4,4.16
CSE,2,23,Male,5,3,1,4,2,5,5,5,5,4,3,4,4,3,5,4,2,2,3,2,2,4,4,4,4,3.56
Dairy Science,4,23,Male,3,5,2,4,3,4,3,4,3,5,4,2,4,3,5,3,3,2,3,2,5,4,4,4,5,3.56
Dairy Science,4,23,Male,4,4,2,3,4,2,5,3,3,4,4,2,3,2,3,3,2,4,5,4,2,1,4,4,5,3.28
Dairy Science,4,23,Male,3,5,4,4,4,4,5,4,4,4,4,2,2,4,4,4,4,3,4,4,1,1,3,3,4,3.52
Dairy Science,4,23,Male,3,3,3,2,2,2,5,4,4,4,3,2,5,5,5,2,1,1,3,3,3,5,3,3,3,3.16
DVM,4,24,Male,2,2,4,4,2,3,2,4,3,4,1,1,1,4,3,4,4,3,2,2,1,1,2,3,3,2.6
Econ,3,22,Male,3,5,3,1,1,2,5,4,4,5,2,2,5,3,4,5,4,3,3,2,3,3,5,4,1,3.28
EEE,3,22,Male,3,1,3,4,4,2,5,5,3,4,4,3,1,5,3,5,1,4,4,4,1,2,3,4,5,3.32
EEE,4,24,Male,3,3,5,4,5,3,5,4,4,4,3,4,3,3,3,4,4,4,4,3,3,3,3,4,4,3.68
EEE,1,21,Male,3,3,3,5,3,3,5,5,1,3,5,1,5,3,3,5,1,4,1,3,3,3,3,5,5,3.36
EEE,3,22,Male,4,4,3,4,3,2,5,3,4,5,5,4,4,5,5,5,3,4,5,4,5,3,3,5,5,4.08
EEE,3,23,Male,3,3,5,5,3,3,3,4,4,5,2,3,4,4,5,5,3,5,5,5,3,4,5,5,5,4.04
EEE,1,20,Male,1,1,3,1,1,1,3,5,5,5,5,5,3,2,3,3,3,1,1,1,4,3,4,5,5,2.96
ENGLISH,3,21,Female,4,5,3,4,5,4,5,4,4,3,5,2,4,3,4,3,2,3,3,4,2,2,2,5,5,3.6
ENGLISH,2,21,Female,3,2,1,2,3,3,4,3,3,4,4,4,4,2,3,3,4,3,4,3,3,4,4,3,4,3.2
Entomology,4,24,Male,3,5,2,5,5,5,5,5,4,5,5,4,1,5,5,4,4,3,4,4,5,1,2,5,5,4.04
Environmental Sciences,4,23,Male,3,3,3,3,3,3,3,3,3,3,3,3,3,3,3,3,3,3,3,3,3,3,3,3,3,3
Environmental Sciences,4,23,Female,3,4,4,4,4,3,4,5,4,5,2,3,4,5,4,3,3,4,4,3,4,4,3,4,4,3.76
FES,3,21,Male,3,4,3,3,3,4,5,4,2,4,5,3,5,3,2,4,3,4,3,2,3,5,5,5,5,3.68
Fisheries & Marine Science,3,21,Male,3,1,5,2,1,2,4,4,4,5,5,5,5,5,5,3,2,3,5,1,5,5,3,2,5,3.6
FnB,3,22,Male,1,2,2,2,2,1,5,5,2,4,4,3,2,5,3,5,2,5,4,3,2,2,3,4,5,3.12
Forestry & Wood Technology,3,23,Male,2,5,5,5,4,1,3,5,5,5,5,3,5,3,3,5,2,3,3,3,5,4,4,4,5,3.88
Forestry & Wood Technology,3,21,Male,3,3,3,3,3,3,5,3,3,3,3,3,3,3,4,4,3,3,4,3,3,3,3,4,4,3.28
Forestry & Wood Technology,3,23,Male,1,3,3,5,5,2,5,5,4,4,3,5,3,2,5,5,4,3,3,3,2,3,2,4,5,3.56
Forestry & Wood Technology,3,22,Male,1,5,2,4,2,4,4,4,5,5,5,4,4,4,4,2,4,3,4,4,2,4,2,4,5,3.64
FVS,4,23,Male,3,2,3,2,4,2,4,3,3,3,4,2,4,3,2,2,3,2,3,2,2,3,2,3,4,2.8
Geography And Environment,2,20,Male,5,5,5,5,4,5,5,5,5,5,5,4,3,2,5,5,4,3,3,3,3,3,3,4,5,4.16
Horticulture,4,24,Male,3,2,3,3,3,3,4,4,1,3,3,2,3,3,3,4,3,2,3,3,3,3,2,3,4,2.92
Human Resource Management,1,21,Male,3,3,3,2,3,1,4,5,2,4,4,3,5,3,4,3,2,3,3,3,4,5,4,4,4,3.36
ICE,2,20,Male,2,2,2,2,1,4,4,4,3,4,4,3,4,5,4,3,2,2,4,2,4,4,4,4,4,3.24
IIT,4,22,Female,3,3,3,3,2,3,3,3,3,3,3,3,3,3,3,3,2,2,3,3,3,3,3,3,3,2.88
Industrial and production engineering,1,21,Male,3,4,5,5,3,2,5,5,4,4,4,3,5,2,5,4,2,4,5,4,5,5,2,5,5,4
International Relations,4,23,Female,3,3,5,5,5,5,5,5,4,5,5,4,5,1,3,4,3,3,3,4,5,5,3,4,4,4.04
IPE,2,21,Male,3,4,3,4,4,4,4,4,5,4,4,3,4,4,5,4,2,3,5,4,3,2,5,4,3,3.76
IPE,2,20,Female,4,4,4,3,4,5,4,4,4,4,5,3,4,3,3,4,3,3,4,4,4,4,4,5,4,3.88
IPE,2,19,Male,3,4,3,3,3,3,5,3,3,3,3,3,3,4,3,4,3,3,4,3,4,3,3,3,4,3.32
IPE,1,22,Male,1,1,1,5,5,1,5,5,4,5,5,2,5,5,3,5,2,3,4,5,5,5,4,5,5,3.84
Islamic studies,2,20,Female,3,2,3,3,4,3,4,4,4,4,3,3,2,3,3,4,2,2,2,2,2,2,3,5,4,3.04
Islamic studies,2,21,Male,3,3,3,3,5,5,4,5,2,4,1,2,4,5,2,4,2,2,4,3,4,3,2,4,4,3.32
Islamic Studies ,4,21,Male,3,3,3,4,3,3,4,5,4,4,3,3,4,3,4,4,1,2,2,3,3,3,3,4,4,3.28
Law,2,21,Male,3,3,3,3,3,4,5,4,4,5,5,4,3,2,4,4,3,3,3,3,4,3,3,4,4,3.56
Law,4,21,Male,1,2,3,3,3,3,3,5,3,2,2,3,4,2,3,4,2,2,2,2,5,3,3,4,5,2.96
Law,4,21,Female,3,3,3,4,5,5,3,5,4,4,4,1,3,3,3,4,4,4,3,3,4,4,4,5,4,3.68
Management,2,19,Female,3,5,5,2,2,2,5,5,4,5,3,3,4,5,2,5,3,2,4,4,5,5,2,3,4,3.68
Mathematics,4,24,Male,3,3,1,2,5,3,3,4,4,4,2,4,4,2,2,2,2,2,2,2,2,3,3,5,4,2.92
Mathematics,4,24,Male,3,3,3,3,5,3,4,3,3,4,3,3,3,4,3,5,3,4,4,3,4,3,3,5,4,3.52
Mathematics,4,24,Male,4,2,2,2,4,4,4,3,2,4,1,4,2,2,2,2,2,2,2,2,2,2,4,3,3,2.64
MBBS,4,22,Male,3,3,2,4,3,3,4,5,5,3,4,3,4,1,3,2,3,3,3,3,3,3,4,4,3,3.24
MBBS,4,22,Male,3,3,2,4,3,3,4,5,5,3,4,3,4,1,3,2,3,3,3,3,3,3,4,4,3,3.24
MCE,2,21,Male,1,1,3,2,1,1,5,4,5,5,2,1,5,1,3,5,1,1,5,5,5,5,3,5,5,3.2
ME,1,20,Male,3,3,3,2,3,4,3,2,2,4,2,1,4,4,3,4,1,2,3,5,2,4,5,4,4,3.08
ME,1,21,Female,4,3,4,5,5,5,4,5,5,5,5,5,5,3,5,4,3,3,3,3,5,5,4,5,5,4.32
Mechanical Engineering,1,20,Male,2,3,4,4,3,2,5,5,5,4,4,2,4,4,4,5,2,2,4,3,1,2,4,4,4,3.44
Microbiology,4,24,Female,1,1,3,3,3,4,3,3,3,4,4,2,2,3,2,3,1,2,3,2,2,2,2,4,3,2.6
MPE,2,20,Female,5,3,3,3,4,5,3,5,4,5,5,3,3,3,3,3,3,3,2,4,3,3,4,4,5,3.64
MPE,2,22,Male,3,4,3,4,4,3,4,4,4,4,4,2,5,5,2,3,4,3,3,4,3,5,5,4,4,3.72
MPE,1,21,Male,3,4,4,4,4,3,5,4,4,4,3,3,3,4,4,4,3,4,5,4,3,4,4,4,4,3.8
MPE,1,21,Male,3,3,4,4,4,3,4,5,3,4,3,3,4,3,2,3,2,3,3,2,5,4,3,3,5,3.4
MPE,2,20,Male,3,3,3,2,3,3,3,4,2,2,3,2,4,2,2,4,3,3,3,2,2,2,2,4,2,2.72
MPE,1,18,Female,1,4,4,2,5,3,4,5,5,4,3,5,3,4,2,2,3,2,4,1,2,3,4,3,4,3.28
MPE,1,20,Male,3,3,3,4,5,2,4,5,5,5,4,3,3,4,3,3,3,3,3,3,3,3,3,3,4,3.48
P.A,2,21,Male,5,3,5,3,5,5,5,5,5,5,5,5,3,5,5,5,5,5,5,3,5,5,5,3,3,4.52
Pharmacology,4,23,Male,2,2,3,4,3,3,3,4,5,4,4,4,5,5,2,3,2,3,2,3,3,5,3,4,4,3.4
PHI,4,25,Male,2,5,3,4,3,3,3,4,4,4,4,4,4,4,2,4,4,4,3,4,4,2,4,4,4,3.6
Physics,3,20,Male,3,2,3,4,3,2,5,4,5,4,1,3,4,2,4,4,4,3,4,4,4,4,4,5,4,3.56
Physics,3,23,Male,3,3,3,4,3,4,4,4,5,4,2,3,4,3,2,4,3,3,3,2,3,5,4,4,4,3.44
Physics,3,21,Male,2,2,2,4,1,2,1,5,2,5,5,2,2,4,1,4,1,2,4,2,4,2,2,4,4,2.76
Physics,3,21,Male,4,4,5,5,4,2,4,4,5,4,4,3,4,1,2,5,2,4,3,4,3,3,2,4,4,3.56
Physics,3,20,Male,2,3,2,4,3,2,3,3,2,2,4,2,3,4,3,2,2,2,4,2,2,2,2,4,4,2.72
Physics,3,23,Male,3,4,4,3,4,3,1,4,3,3,3,3,1,3,2,1,1,1,2,1,1,1,1,3,4,2.4
Physics,3,22,Male,1,5,1,1,2,3,5,4,4,5,5,5,2,4,1,4,2,2,5,1,2,1,4,2,5,3.04
Physics,2,20,Male,3,3,4,4,5,2,4,4,4,4,3,3,3,2,1,5,3,4,3,3,3,3,3,5,4,3.4
Physics,2,20,Male,3,4,3,2,3,2,3,5,5,4,2,2,4,2,3,5,3,3,4,3,4,5,3,4,3,3.36
Physics,4,25,Female,4,5,5,3,4,3,4,4,4,5,4,2,3,3,3,4,3,4,4,3,3,3,5,4,5,3.76
Physics,4,23,Male,2,4,1,3,3,2,3,4,4,4,2,4,2,5,3,3,3,1,3,2,3,3,4,4,4,3.04
Physics,4,23,Male,5,5,5,5,5,5,4,3,3,5,5,5,3,1,3,1,3,4,5,4,5,2,3,3,4,3.84
Physics,4,23,Male,1,1,5,3,4,3,4,4,2,4,3,2,5,4,4,2,1,2,4,3,1,4,4,5,5,3.2
Political Science,3,22,Male,3,3,3,3,3,3,3,4,4,3,3,5,3,4,4,4,3,4,3,4,3,3,3,3,3,3.36
Surgery and obstetrics,4,24,Male,3,3,5,5,5,3,5,4,4,5,3,5,5,3,3,4,2,4,3,4,3,5,2,2,4,3.76
SWE,1,20,Male,4,2,5,3,4,5,4,3,2,4,4,4,1,5,2,4,4,3,4,4,4,4,4,5,5,3.72
Veterinary Science,4,24,Female,5,5,5,4,5,4,4,4,4,4,5,3,4,3,4,5,4,4,4,3,4,4,4,4,4,4.12
Veterinary Science,4,23,Male,3,3,4,3,5,4,3,4,3,4,3,4,3,4,3,5,4,3,5,3,3,3,3,4,4,3.6
Veterinary Science,2,21,Male,1,4,4,3,4,3,5,5,4,3,4,1,3,3,2,5,4,5,4,5,1,3,4,3,4,3.48
Veterinary Science,4,24,Male,3,5,3,5,4,5,5,5,5,5,5,5,5,5,3,5,5,5,5,3,3,5,5,5,5,4.56
Veterinary Science,4,23,Male,3,2,3,4,4,2,4,4,4,3,3,4,4,4,3,4,3,2,4,4,4,3,3,4,3,3.4
Veterinary Science,4,24,Male,3,3,5,4,2,3,5,4,5,5,3,2,3,3,2,3,2,2,5,3,4,4,2,3,4,3.36
Veterinary Science,4,25,Male,3,3,5,2,4,2,3,5,3,4,3,2,2,2,2,4,2,2,2,2,4,2,2,3,5,2.92
Veterinary Science,4,22,Male,4,4,4,4,4,2,4,4,2,4,2,2,2,4,2,4,2,2,2,4,2,4,2,2,4,3.04
Dummy,4,20,Male,5,2,2,5,4,4,1,2,2,2,5,4,3,2,1,2,1,2,3,2,1,2,5,4,3,2.76
Dummy,4,21,Male,4,3,5,5,2,5,5,1,2,4,5,1,1,2,4,5,5,3,2,2,1,1,3,5,5,3.24
Dummy,4,21,Male,3,2,2,2,2,3,5,5,4,4,2,1,1,2,5,4,2,4,2,4,2,1,1,2,5,2.8
Dummy,4,22,Male,1,1,5,5,1,4,4,5,5,3,3,4,2,4,4,2,2,5,5,5,2,2,4,4,4,3.44
Dummy,4,22,Male,2,3,5,5,3,5,2,5,3,3,5,5,4,4,4,3,2,2,2,1,1,2,2,2,4,3.16
Dummy,4,23,Male,3,5,5,2,2,5,5,5,5,3,2,2,2,4,4,3,5,5,5,3,2,4,5,2,3,3.64
Dummy,4,21,Male,2,4,3,2,2,2,4,2,2,2,2,2,1,1,2,2,3,3,3,3,2,2,3,3,4,2.44
Dummy,2,21,Male,2,2,3,5,2,2,3,3,3,2,3,2,3,3,2,5,5,2,1,2,1,2,1,2,1,2.48
Dummy,2,21,Male,1,3,3,3,3,3,2,2,1,3,3,4,3,2,3,3,1,1,2,2,3,1,2,2,2,2.32
Dummy,2,21,Male,2,3,3,4,4,4,4,2,2,1,1,2,2,2,2,4,4,4,4,5,5,5,5,2,1,3.08
Dummy,2,21,Male,3,3,3,5,3,5,5,4,5,5,3,2,1,1,1,2,2,2,2,2,1,1,2,3,4,2.8
Dummy,2,20,Male,4,4,4,2,2,2,1,1,2,2,5,5,3,4,3,2,3,3,3,3,2,2,3,1,1,2.68
Dummy,3,20,Female,1,1,1,1,1,1,1,1,1,2,2,2,3,3,3,4,2,2,1,1,2,2,3,3,5,1.96
Dummy,3,22,Female,3,3,3,3,3,2,2,1,1,2,2,2,4,4,4,4,5,5,5,2,2,2,1,3,3,2.84
Dummy,3,20,Female,1,2,2,3,2,2,1,2,2,2,2,2,1,2,1,2,2,2,2,1,1,2,2,2,4,1.88
Dummy,3,22,Female,3,1,2,1,1,2,2,3,4,4,4,2,1,1,1,3,2,2,3,5,5,2,1,4,2,2.44
Dummy,3,22,Female,1,2,2,1,3,3,3,2,4,5,2,2,2,2,4,4,4,2,4,4,2,1,2,1,2,2.56
Dummy,3,22,Female,1,3,3,3,2,5,5,5,1,2,3,2,4,2,4,3,2,2,1,1,2,4,4,5,5,2.96
Dummy,4,22,Female,2,2,4,4,4,2,1,2,1,2,2,4,4,4,4,4,4,3,3,2,1,1,1,1,3,2.6
Dummy,3,21,Female,2,1,4,3,3,4,4,2,1,1,2,3,2,4,4,4,4,4,2,1,2,1,3,2,5,2.72
Dummy,4,21,Female,2,2,4,4,5,2,2,1,4,4,5,4,4,2,2,2,2,2,2,2,1,1,2,2,4,2.68
Dummy,4,23,Female,3,2,1,1,1,1,2,3,3,4,5,2,1,1,1,2,2,3,2,4,4,5,2,1,2,2.32
Dummy,4,24,Female,3,5,3,5,2,1,1,1,2,2,2,3,3,4,4,4,4,2,1,1,2,2,2,4,4,2.68
Dummy,4,21,Female,2,1,1,2,2,1,4,2,2,2,4,4,4,2,2,2,1,1,1,2,2,3,3,4,4,2.32
Dummy,4,22,Male,2,3,5,4,4,5,1,2,3,3,5,2,1,3,5,5,1,3,3,5,2,1,3,5,5,3.24
Dummy,4,23,Female,4,2,3,5,4,4,5,1,2,3,3,5,2,1,3,5,5,4,3,3,5,2,1,3,5,3.32
Dummy,4,21,Male,1,3,3,2,4,3,5,2,3,5,3,1,1,2,3,1,5,2,5,3,1,1,2,3,1,2.6
Dummy,4,20,Female,3,4,2,3,5,2,4,2,5,2,5,2,4,2,5,2,3,5,2,1,3,5,5,1,3,3.2
Dummy,4,19,Female,2,4,3,2,5,3,5,3,2,3,5,3,5,3,2,3,3,3,5,2,1,3,5,5,4,3.36
Dummy,4,21,Male,2,4,4,1,5,5,3,4,1,4,5,5,3,4,1,4,5,3,1,1,2,3,1,5,2,3.12
Dummy,4,22,Male,3,5,2,1,3,5,5,3,5,4,4,5,2,3,3,5,4,4,5,4,5,4,1,5,5,3.8
Dummy,4,23,Female,3,1,1,2,3,1,5,3,2,4,3,5,5,4,3,2,4,3,5,5,4,2,1,3,5,3.16
Dummy,4,23,Male,5,2,4,2,5,2,3,2,3,5,2,4,5,5,2,3,5,2,4,5,4,1,2,3,1,3.24
Dummy,4,24,Female,5,3,5,3,2,3,3,3,2,5,3,5,3,3,3,2,5,3,5,5,4,4,2,5,2,3.52
Dummy,4,21,Female,5,5,3,4,1,4,5,4,1,5,5,3,2,2,4,1,5,5,3,5,4,5,3,2,3,3.56
Dummy,4,19,Male,1,3,3,2,4,5,4,2,1,3,5,5,4,5,2,1,3,5,5,5,4,3,4,1,4,3.36
Dummy,4,21,Female,3,4,2,3,5,5,4,1,2,3,1,5,2,4,1,2,3,1,5,3,2,4,5,1,3,2.96
Dummy,4,20,Male,2,4,3,2,5,5,4,4,2,5,2,3,3,3,4,2,5,2,3,5,4,3,5,5,4,3.56
Dummy,4,20,Female,2,4,4,1,5,5,4,5,3,2,3,3,2,4,5,3,2,3,3,5,2,5,1,5,2,3.32
Dummy,4,23,Male,4,5,5,5,3,5,4,3,4,1,4,5,3,5,3,4,1,4,5,3,3,4,1,5,5,3.76
Dummy,4,24,Male,3,5,2,3,5,3,1,1,2,3,1,5,2,5,1,4,2,3,5,3,2,3,1,3,5,2.92
Dummy,4,21,Female,2,4,2,5,2,5,2,4,2,5,2,3,5,3,3,5,1,4,5,5,3,4,1,4,5,3.44
Dummy,4,24,Male,3,5,3,2,3,5,3,5,3,2,3,3,3,5,3,5,3,3,4,5,2,3,3,5,4,3.52
Dummy,4,21,Female,5,3,4,1,4,5,5,3,4,1,4,5,3,5,5,3,2,2,3,5,5,4,3,2,4,3.6
Dummy,4,20,Female,5,5,3,5,4,4,5,2,3,3,5,4,4,3,5,5,4,5,2,4,5,5,2,3,5,4
Dummy,4,23,Male,1,5,3,2,4,3,5,5,4,3,2,4,3,3,1,5,2,4,3,5,3,3,3,2,5,3.32
Dummy,4,21,Male,2,3,2,3,5,2,4,5,5,2,3,5,2,5,2,3,3,3,5,3,2,2,4,1,5,3.24
Dummy,4,20,Male,3,3,3,2,5,3,5,3,3,3,2,5,3,2,3,3,2,4,5,5,4,5,2,1,3,3.28
Dummy,3,22,Male,2,1,1,2,2,2,2,2,1,1,1,2,2,2,1,4,4,3,5,4,5,5,5,3,2,2.56
Dummy,3,21,Male,3,2,1,1,1,2,2,2,4,3,5,5,3,2,2,3,3,4,4,4,4,3,2,3,4,2.88
Dummy,3,21,Male,2,2,2,2,2,2,2,2,1,1,2,2,4,4,4,2,1,1,1,2,2,2,1,2,4,2.08
Dummy,4,22,Male,4,2,2,5,3,5,5,3,2,2,4,4,4,4,2,2,3,3,3,5,3,5,5,5,4,3.56
Dummy,4,22,Male,5,5,5,4,4,3,3,3,3,2,2,2,2,2,1,1,1,1,1,1,2,1,2,2,3,2.44
Dummy,4,22,Male,2,3,3,3,3,2,1,1,2,2,2,2,3,3,3,4,4,5,5,2,2,1,1,2,4,2.6
Dummy,4,23,Male,1,2,2,2,2,1,1,2,2,2,4,4,4,4,4,2,2,2,2,1,1,1,2,2,4,2.24
Dummy,4,23,Male,2,4,4,4,5,5,2,5,2,3,2,2,1,2,2,2,1,3,1,3,4,4,5,2,1,2.84
Dummy,4,24,Male,1,1,1,1,1,1,3,1,1,3,3,1,1,2,2,1,3,3,3,2,2,1,1,2,4,1.8
Dummy,4,23,Male,2,2,3,4,2,1,1,1,2,2,3,3,3,4,4,5,5,5,2,2,1,2,1,1,2,2.52
Dummy,4,23,Male,3,1,1,1,1,1,1,2,2,1,2,1,1,3,3,3,2,1,1,1,1,1,2,2,4,1.68
Dummy,4,23,Male,3,2,1,1,3,2,2,1,2,1,4,4,2,2,2,1,1,1,2,2,2,4,4,4,4,2.28
Dummy,4,21,Male,2,1,2,2,4,4,4,4,4,4,3,3,3,3,2,1,1,2,1,2,2,2,3,3,4,2.64
Dummy,4,21,Male,4,3,5,5,5,3,3,2,2,2,2,1,1,2,2,5,4,4,3,1,1,1,1,1,2,2.6
Dummy,2,22,Female,3,3,3,2,1,1,1,1,1,1,2,2,2,1,1,2,2,1,2,2,2,2,2,4,5,1.96
Dummy,2,22,Female,2,2,4,3,5,5,5,5,1,2,1,3,3,4,4,5,2,1,1,2,2,2,1,2,2,2.76
Dummy,2,23,Female,2,2,1,4,4,4,4,4,3,2,2,1,2,2,1,2,3,2,2,1,1,2,2,4,5,2.48
Dummy,2,21,Female,4,3,1,1,1,2,2,3,3,4,4,5,5,5,6,1,1,2,2,3,3,4,4,4,5,3.12
Dummy,2,23,Female,2,2,4,5,5,4,4,3,3,2,2,2,2,4,2,5,2,2,1,1,2,2,2,1,4,2.72
Dummy,4,21,Female,3,2,3,4,4,5,2,1,1,2,2,2,4,2,2,2,3,3,2,1,1,1,2,2,2,2.32
Dummy,4,23,Female,2,2,2,3,2,2,2,2,2,3,3,4,4,4,4,2,1,1,2,1,1,2,2,3,4,2.4
Dummy,3,21,Female,3,3,3,4,5,5,5,5,5,5,5,4,3,3,4,5,1,1,3,2,2,1,1,2,4,3.36
Dummy,3,23,Female,4,4,3,3,4,4,4,4,4,3,3,3,3,3,1,1,3,1,2,4,1,2,2,1,5,2.88
Dummy,3,21,Female,2,3,3,2,1,2,3,3,3,2,2,1,1,1,1,2,2,3,3,3,3,3,4,4,5,2.48
Dummy,4,23,Female,4,3,1,1,1,2,2,3,3,4,4,5,5,5,6,1,1,2,2,3,3,4,4,4,1,2.96
Dummy,2,23,Female,2,2,4,5,5,4,4,3,3,2,2,2,2,4,2,5,2,2,1,1,2,2,2,1,3,2.68
Dummy,3,21,Male,4,3,1,1,1,2,2,3,3,4,4,5,5,5,6,1,1,2,2,3,3,4,4,4,4,3.08
Dummy,4,23, Male,1,4,1,1,4,1,4,5,4,4,5,3,1,5,4,5,3,1,5,3,4,5,4,4,2,3.32
Dummy,4,22, Male,2,2,3,3,1,3,1,3,4,5,3,3,1,2,4,2,5,1,3,3,1,5,5,4,5,2.96
Dummy,4,24,Male,1,2,2,3,4,4,3,2,3,3,4,3,2,3,5,3,2,2,3,2,2,3,3,4,5,2.92
Dummy,4,22,Male,1,1,1,1,5,1,4,4,2,1,1,1,1,1,3,5,3,2,1,2,2,2,3,4,1,2.12
Dummy,4,23,Male,2,5,2,1,5,3,4,4,3,2,1,2,2,5,3,4,4,5,4,3,3,4,4,1,2,3.12
Dummy,4,22,Male,4,2,5,3,5,4,5,2,4,5,1,1,1,2,2,3,2,1,2,2,4,4,5,4,3,3.04
Dummy,4,23,Female,2,5,5,5,5,5,5,4,4,3,2,3,1,3,3,3,2,2,2,2,2,3,3,3,4,3.24
Dummy,4,23,Male,1,1,1,1,1,1,4,3,3,2,2,1,1,1,1,1,3,1,1,1,1,1,1,5,3,1.68
Dummy,4,24,Male,1,1,5,5,5,2,5,5,2,5,2,5,5,3,5,4,1,1,5,5,1,5,5,5,4,3.68
Dummy,4,23,Male,1,5,5,4,2,1,4,4,4,3,3,3,2,2,3,3,2,2,2,2,2,2,3,3,2,2.76
Dummy,4,23,Male,1,3,5,5,2,1,4,5,3,3,3,4,1,3,5,5,4,1,4,3,1,5,5,1,5,3.28
Dummy,4,23,Female,3,3,5,1,5,1,1,5,1,2,3,1,3,5,2,4,2,5,1,3,5,1,5,1,5,2.92
Dummy,4,22,Male,4,5,5,1,3,2,1,4,4,2,2,2,2,4,2,2,2,2,3,2,2,2,2,2,5,2.68
Dummy,4,23,Male,2,3,1,1,3,5,4,3,4,3,4,2,3,2,3,3,2,1,1,3,5,5,2,1,4,2.8
Dummy,4,23,Male,3,1,2,4,1,1,4,4,4,3,2,3,2,3,4,4,4,3,2,3,4,4,4,3,4,3.04
Dummy,4,24,Male,4,2,1,3,3,5,3,4,3,5,5,3,2,3,3,4,3,2,1,2,1,5,1,2,5,3
Dummy,4,24,Male,5,4,2,5,2,5,5,2,1,4,4,5,3,2,4,3,2,1,2,3,2,2,1,5,5,3.16
Dummy,4,22,Female,2,4,4,4,2,4,4,3,4,5,2,2,5,4,4,2,2,2,4,4,3,2,4,2,5,3.32
Dummy,4,21,Female,3,5,4,3,5,4,4,3,4,4,5,2,4,2,4,5,2,4,5,2,1,3,2,4,3,3.48
Dummy,4,23,Male,5,4,1,3,4,1,2,3,3,4,3,2,3,4,3,2,1,1,2,3,3,3,2,4,2,2.72
Dummy,4,23,Male,3,1,1,2,2,1,5,1,2,3,3,2,1,2,1,1,1,2,1,2,2,2,3,1,4,1.96
Dummy,4,21,Male,3,5,5,5,4,5,5,5,5,5,5,4,4,5,4,5,1,1,5,5,4,4,1,3,4,4.08
Dummy,4,23,Male,4,5,3,4,1,2,3,4,3,2,3,4,1,3,3,4,3,2,1,3,2,1,3,4,4,2.88
Dummy,4,22,Female,3,4,1,1,4,5,1,4,4,4,2,2,2,4,4,2,2,2,2,2,2,4,4,4,3,2.88
